Periode;Production.Totale.Brute;Production.Totale.Nette;Production brute d'électricité primaire (en GWh);Production nette d'électricité primaire (en GWh);Production.Brute.Nucléaire;Production nette d'électricité nucléaire (en GWh);Production brute d'électricité hydraulique (en GWh);Production nette d'électricité hydraulique (en GWh);Production brute d'électricité éolienne (en GWh);Production nette d'électricité éolienne (en GWh);Production brute d'électricité photovoltaïque (en GWh);Production nette d'électricité photovoltaïque (en GWh);Production brute d'électricité thermique (en GWh);Production nette d'électricité thermique (en GWh);Électricité absorbée pour les pompages (en GWh);Total des importations physiques d'électricité (en GWh);Total des exportations physiques d'électricité (en GWh);Energie appelée réelle yc pertes (consommation calculée yc pertes) (en GWh);Livraisons en basse tension (BT : FC + Corse) (en GWh);Livraisons en moyenne tension (MT : FC + Corse) (en GWh);Livraisons en haute tension (en GWh);Energie appelée réelle yc pertes corrigée du climat (en GWh);Livraisons en basse tension corrigées du climat (en GWh);Livraisons en moyenne tension corrigées du climat (en GWh);Consommation d'électricité primaire (en GWh);Consommation d'électricité primaire corrigée du climat (en GWh);Puissance maximale appelée (en GW);Indice de rigueur climatique pour la France métropolitaine (ref.1 pour la période 1986-2015) (sans unité)
janv-81;27673.76;26411;15710.6;15125;9382.09;8874;6328.51;6251;0;0;0;0;11963.16;11286;95;1216;1598;25934;9785;6269;6011;25497.28469;9460.812715;6221.623958;14648;14428.26506;42.8;1.076147389
févr-81;25285.86978;24108;13892.98978;13360;8657.869384;8189;5235.1204;5171;0;0;0;0;11392.88;10748;61;1040;1445;23642;8886;6033;5653;22764.36505;8227.719042;5927.610109;12894;12451.24635;42.2;1.177794911
mars-81;24890.04866;23808;15685.00866;15124;8802.713456;8326;6882.2952;6798;0;0;0;0;9205.04;8684;87;845;1672;22894;7712;6043;6396;23976.01217;8532.429212;6174.943778;14210;14844.37769;39.7;0.78632392
avr-81;21687.4517;20787;15225.6917;14691;8308.974904;7859;6916.7168;6832;0;0;0;0;6461.76;6096;96;813;1188;20316;6054;5403;6176;20167.58062;5946.749211;5381.432181;14220;14106.92394;36.8;1.040078214
mai-81;21439.90385;20543;15613.08385;15046;8968.702648;8483;6644.3812;6563;0;0;0;0;5826.82;5497;97;638;1478;19606;5675;4914;6401;18319.89437;4761.446146;4713.05142;14109;13000.4127;35.9;1.426366195
juin-81;20196.97631;19380;15173.63631;14641;8275.142712;7827;6898.4936;6814;0;0;0;0;5023.34;4739;144;655;1325;18566;4649;5271;6391;18566;4649;5271;13827;13827;32.7;1
juil-81;19727.38047;18918;14905.44047;14369;8444.303672;7987;6461.1368;6382;0;0;0;0;4821.94;4549;128;667;1031;18426;4570;5051;6374;18426;4570;5051;13877;13877;32.2;1
août-81;17307.71666;16562;12485.77666;12013;7632.331064;7219;4853.4456;4794;0;0;0;0;4821.94;4549;118;816;1003;16257;4545;3828;5829;16257;4545;3828;11708;11708;29.9;1
sept-81;20410.6002;19482;13077.5202;12564;8431.6166;7975;4645.9036;4589;0;0;0;0;7333.08;6918;115;996;1114;19249;4739;5334;6750;19249;4739;5334;12331;12331;34.3;1
oct-81;23625.74022;22600;14669.80022;14151;8092.237424;7654;6577.5628;6497;0;0;0;0;8955.94;8449;85;1040;1169;22386;6481;5719;6911;21250.95904;5684.668436;5546.343459;13937;13120.14511;40.3;1.311297962
nov-81;25388.31858;24202;14439.57858;13873;9299.623776;8796;5139.9548;5077;0;0;0;0;10948.74;10329;73;1131;1269;23991;8444;5887;6583;23616.07205;8162.012141;5842.146831;13662;13455.39206;41.4;1.076775148
déc-81;28799.63785;27507;18031.09785;17348;11030.35185;10433;7000.746;6915;0;0;0;0;10768.54;10159;88;1082;1464;27037;10256;6450;6694;26676.44696;9982.919876;6411.028448;16878;16675.26777;43.3;1.060788299
janv-82;28331.68949;27113;19045.02949;18352;11086.55309;10491;7958.4764;7861;0;0;0;0;9286.66;8761;95;955;1219;26754;10213;6115;6535;26940.0929;10353.52828;6133.499978;17993;18107.69522;45.4;0.969837812
févr-82;25045.19461;23935;16299.13461;15684;10019.21741;9481;6279.9172;6203;0;0;0;0;8746.06;8251;66;745;1088;23526;8585;5998;5914;23772.92977;8771.641543;6026.495729;15275;15428.19669;42.5;0.952715922
mars-82;27438.13035;26185;16731.07035;16084;10661.73235;10089;6069.338;5995;0;0;0;0;10707.06;10101;39;757;1624;25279;9073;6559;6791;24466.44614;8456.765646;6454.482142;15178;14678.83961;41;1.161930664
avr-82;23408.96064;22341;15236.36064;14631;10097.41824;9555;5138.9424;5076;0;0;0;0;8172.6;7710;50;538;1203;21626;6682;5782;6577;20867.6884;6128.16663;5668.164303;13916;13352.84351;40;1.200833446
mai-82;21777.58867;20810;14527.18867;13970;9145.270272;8654;5381.9184;5316;0;0;0;0;7250.4;6840;116;444;1266;19872;5822;5017;6553;19095.3241;5258.863359;4900.388889;13032;12411.7569;36.4;1.237962972
juin-82;20332.16986;19476;13873.58986;13383;7732.371456;7317;6141.2184;6066;0;0;0;0;6458.58;6093;155;679;997;19003;4744;5571;6460;19003;4744;5571;12910;12910;33.1;1
juil-82;20170.16986;19290;13669.18986;13157;8313.593856;7867;5355.596;5290;0;0;0;0;6500.98;6133;104;562;1121;18627;4835;5252;6114;18627;4835;5252;12494;12494;32.7;1
août-82;17321.29941;16583;11912.11941;11480;6901.751808;6531;5010.3676;4949;0;0;0;0;5409.18;5103;83;717;1038;16179;4650;4107;5353;16179;4650;4107;11076;11076;31.2;1
sept-82;19438.27934;18552;11526.43934;11088;7168.057344;6783;4358.382;4305;0;0;0;0;7911.84;7464;79;988;569;18892;5031;5483;6090;18892;5031;5483;11428;11428;34.1;1
oct-82;22763.25654;21774;12879.81654;12450;6560.415744;6208;6319.4008;6242;0;0;0;0;9883.44;9324;79;1319;882;22132;7028;5646;6330;21123.47366;6302.779603;5505.232929;12808;12155.30465;37.8;1.255696848
nov-82;24063.12546;23005;14526.30546;14008;8207.917056;7767;6318.3884;6241;0;0;0;0;9536.82;8997;85;1057;882;23095;8495;5992;5666;23547.01891;8837.399329;6044.038302;14098;14357.59535;42.6;0.913901435
déc-82;28514.618;27275;20618.678;19826;13024.6656;12325;7594.0124;7501;0;0;0;0;7895.94;7449;107;691;1399;26460;10792;6521;5426;26447.40307;10782.45685;6519.717697;19011;19003.15114;43.2;1.001966807
janv-83;28945.20619;27692;20713.24619;19926;13808.67819;13106;6904.568;6820;0;0;0;0;8231.96;7766;140;752;1397;26907;11159;6480;5613;27593.65525;11686.70048;6545.680717;19141;19573.08077;45.2;0.899657928
févr-83;27125.3517;25952;17689.2317;17050;10936.5237;10380;6752.708;6670;0;0;0;0;9436.12;8902;95;1075;1089;25843;11013;6376;5172;24653.63313;10100.20823;6250.471694;16941;16224.17336;46.3;1.200830133
mars-83;27078.16886;25900;17884.78886;17227;11354.80886;10777;6529.98;6450;0;0;0;0;9193.38;8673;111;668;1256;25201;9413;6681;5796;24617.2417;8977.236114;6609.701902;16528;16144.86384;42.2;1.107868856
avr-83;24365.18206;23337;17094.64206;16478;10540.36446;10004;6554.2776;6474;0;0;0;0;7270.54;6859;95;607;1505;22344;8011;5757;5675;21454.24605;7349.631781;5644.134151;15485;14832.4687;40.1;1.199970175
mai-83;22627.93882;21763;17698.93882;17113;9554.18082;9068;8144.758;8045;0;0;0;0;4929;4650;157;750;1970;20386;6593;5489;5781;17970.68664;4875.195442;5090.41377;15736;13423.60941;35.9;1.783013421
juin-83;20992.82433;20183;16555.66433;15997;9210.70233;8742;7344.962;7255;0;0;0;0;4437.16;4186;213;517;1708;18779;4990;5659;5755;18779;4990;5659;14593;14593;32.7;1
juil-83;20857.67756;20026;17409.49756;16773;10954.43516;10397;6455.0624;6376;0;0;0;0;3448.18;3253;229;335;1749;18383;5182;5161;5522;18383;5182;5161;15130;15130;32;1
août-83;18851.11982;18047;16465.05982;15796;12096.55382;11481;4368.506;4315;0;0;0;0;2386.06;2251;191;271;1921;16206;4945;4386;4905;16206;4945;4386;13955;13955;31.5;1
sept-83;21693.147;20744;17115.007;16425;12432.657;11800;4682.35;4625;0;0;0;0;4578.14;4319;163;365;1841;19105;5348;5590;5758;19105;5348;5590;14786;14786;34.1;1
oct-83;24770.4226;23633;17359.9626;16642;13078.523;12413;4281.4396;4229;0;0;0;0;7410.46;6991;211;449;2016;21855;7327;5567;5897;20753.6688;6527.56703;5419.504827;14864;14024.30379;40.4;1.272156181
nov-83;27434.16522;26154;17848.58522;17111;13431.48402;12748;4417.1012;4363;0;0;0;0;9585.58;9043;233;852;1900;24873;9272;6508;5778;24628.62584;9089.158645;6479.036658;15830;15675.83296;45.4;1.044703161
déc-83;31702.33286;30234;22041.49286;21120;16862.05446;16004;5179.4384;5116;0;0;0;0;9660.84;9114;238;686;2389;28293;11964;6560;5850;27899.21769;11662.26367;6522.498708;19179;18939.43578;48.3;1.057495285
janv-84;32957.78443;31482;24024.10443;23054;18072.20483;17175;5951.8996;5879;0;0;0;0;8933.68;8428;256;618;2513;29331;12450;7025;6094;29440.38897;12534.78367;7035.575051;20903;20975.51424;47.4;0.984969174
févr-84;31693.50458;30320;24014.86458;23076;17239.88378;16384;6774.9808;6692;0;0;0;0;7678.64;7244;157;420;2763;27820;11515;6793;5833;26933.23215;10838.44142;6700.059561;20576;19939.82693;47;1.13871584
mars-84;31456.9887;30022;22852.9687;21905;17863.8615;16977;4989.1072;4928;0;0;0;0;8604.02;8117;210;434;2578;27668;11062;6851;6070;25936.18105;9758.358626;6653.477073;19551;18301.37312;46;1.296871733
avr-84;26228.03437;25089;20738.29437;19910;15356.37597;14594;5381.9184;5316;0;0;0;0;5489.74;5179;232;352;2606;22603;8167;5915;6078;21871.66732;7609.474776;5820.237173;17424;16795.06348;44.2;1.162816092
mai-84;25704.60532;24624;20399.30532;19619;14184.18172;13480;6215.1236;6139;0;0;0;0;5305.3;5005;216;307;2642;22073;7015;5735;6404;18581.02598;4588.050479;5131.764663;17068;13435.52575;38.4;2.175492986
juin-84;23307.05594;22410;20500.17594;19762;13024.61434;12378;7475.5616;7384;0;0;0;0;2806.88;2648;265;348;2700;19793;5608;5485;6099;19793;5608;5485;17145;17145;36.1;1
juil-84;22828.63262;21883;18828.19262;18109;13064.59942;12416;5763.5932;5693;0;0;0;0;4000.44;3774;252;346;2286;19691;5446;5667;6248;19691;5446;5667;15917;15917;33.8;1
août-84;20185.21828;19304;16931.01828;16234;13093.00988;12443;3838.0084;3791;0;0;0;0;3254.2;3070;226;411;2179;17310;5122;4672;5389;17310;5122;4672;14240;14240;32.7;1
sept-84;23645.60604;22610;19143.78604;18363;14608.23404;13883;4535.552;4480;0;0;0;0;4501.82;4247;223;390;2483;20294;6035;5431;6187;20294;6035;5431;16047;16047;38.1;1
oct-84;26639.45493;25516;22177.91493;21307;16024.54773;15229;6153.3672;6078;0;0;0;0;4461.54;4209;190;426;2430;23322;7590;6499;6336;22842.90496;7239.578529;6429.83841;19113;18651.5676;39.4;1.107563496
nov-84;27677.90379;26474;23128.38379;22182;17731.27939;16851;5397.1044;5331;0;0;0;0;4549.52;4292;239;623;2427;24431;8968;6314;5947;25690.31835;9924.129575;6452.138746;20139;21182.05634;44.3;0.785902394
déc-84;31398.58647;30024;26760.02647;25648;20971.12327;19930;5788.9032;5718;0;0;0;0;4638.56;4376;185;748;2584;28003;12153;6147;5826;27674.2592;11898.81598;6117.957205;23627;23371.81668;46;1.047471393
janv-85;37587.08871;35902;28237.88871;27082;21954.93431;20876;6282.9544;6206;0;0;0;0;9349.2;8820;233;880;2173;34376;16008;7855;6014;30728.96396;13193.75376;7499.520389;25556;23043.75343;60;1.474003127
févr-85;30320.4704;29003;24993.9704;23978;19239.4888;18294;5754.4816;5684;0;0;0;0;5326.5;5025;211;486;2124;27154;11385;6716;5580;26558.35361;10927.45159;6654.085267;22129;21665.34067;50.9;1.0930477
mars-85;32349.54998;30950;26963.68998;25869;20719.20678;19701;6244.4832;6168;0;0;0;0;5385.86;5081;166;476;2548;28712;11694;6789;6445;26857.03462;10284.20317;6588.300285;23631;22083.70493;46.3;1.30463049
avr-85;27250.73901;26135;24332.55901;23382;17686.15301;16817;6646.406;6565;0;0;0;0;2918.18;2753;269;321;2504;23683;8035;6206;6774;23535.72563;7923.638856;6186.677914;20930;20780.7257;42.5;1.031231763
mai-85;25574.87247;24573;23250.29247;22380;15869.89647;15090;7380.396;7290;0;0;0;0;2324.58;2193;280;453;2177;22569;7302;5811;6926;20976.34059;6125.700946;5573.177827;20376;18554.89197;40.2;1.426726332
juin-85;23105.2627;22221;20788.1027;20035;13510.9715;12847;7277.1312;7188;0;0;0;0;2317.16;2186;187;365;1716;20683;5925;5472;6756;20683;5925;5472;18497;18497;36.4;1
juil-85;24572.81955;23559;21831.65955;20973;16025.54555;15238;5806.114;5735;0;0;0;0;2741.16;2586;171;353;2270;21471;5897;6095;7176;21471;5897;6095;18885;18885;36.1;1
août-85;21619.21857;20707;19739.83857;18934;15288.31577;14537;4451.5228;4397;0;0;0;0;1879.38;1773;149;258;1930;18886;5435;4839;6332;18886;5435;4839;17113;17113;33.5;1
sept-85;25045.6425;23920;20889.3825;19999;17198.1721;16353;3691.2104;3646;0;0;0;0;4156.26;3921;143;277;2744;21310;7218;4464;7041;21310;7218;4464;17389;17389;36.7;1
oct-85;28613.57978;27291;23334.77978;22311;20001.95898;19019;3332.8208;3292;0;0;0;0;5278.8;4980;142;367;2963;24553;8564;5357;7277;23502.16765;7774.911966;5238.844758;19573;18607.75137;45.9;1.225536826
nov-85;33147.27103;31615;26180.95103;25043;22151.59903;21063;4029.352;3980;0;0;0;0;6966.32;6572;244;661;2639;29393;13462;5844;6440;26652.42146;11299.82397;5605.640693;22821;20787.95727;53.6;1.425213316
déc-85;34296.33432;32684;27757.19432;26515;24453.73312;23252;3303.4612;3263;0;0;0;0;6539.14;6169;300;623;3090;29917;14523;5438;6662;30293.96573;14833.08007;5463.379988;23748;24004.47799;51.5;0.953545264
janv-86;36916.16141;35223;30860.38141;29510;25748.77381;24461;5111.6076;5049;0;0;0;0;6055.78;5713;252;878;3365;32484;15860;6169;6805;32301.36034;15710.86777;6156.014507;26771;26636.15292;51.4;1.021093994
févr-86;35379.23834;33758;28138.37834;26927;22950.84074;21803;5187.5376;5124;0;0;0;0;7240.86;6831;140;931;2313;32236;16714;6006;6111;28474.92121;13636.96718;5719.226437;25405;22676.13475;58;1.501420194
mars-86;33543.76351;32034;28986.82351;27735;23746.64111;22559;5240.1824;5176;0;0;0;0;4556.94;4299;298;784;2770;29750;13384;5600;6997;28227.14394;12174.98259;5479.090571;25451;24170.86681;50.5;1.220674266
avr-86;32520.21938;31135;28221.91938;27080;21084.49938;20030;7137.42;7050;0;0;0;0;4298.3;4055;250;642;2978;28549;12841;5357;7701;25433.14332;10293.61179;5077.754285;24494;21638.08719;49.8;1.549939401
mai-86;26265.02338;25277;24892.32338;23982;16031.79858;15230;8860.5248;8752;0;0;0;0;1372.7;1295;314;751;2762;22952;7951;4626;7511;22608.74765;7685.783133;4590.796283;21657;21265.62782;39.6;1.076683248
juin-86;25296.99299;24306;24081.17299;23159;16608.64859;15778;7472.5244;7381;0;0;0;0;1215.82;1147;264;533;2225;22350;7573;4708;7414;22350;7573;4708;21203;21203;39;1
juil-86;25471.4721;24396;24178.2721;23176;18698.1509;17763;5480.1212;5413;0;0;0;0;1293.2;1220;264;649;2288;22493;7265;4789;7669;22493;7265;4789;21273;21273;37.6;1
août-86;22418.29592;21447;20776.35592;19898;16520.22632;15694;4256.1296;4204;0;0;0;0;1641.94;1549;301;505;1801;19850;6612;4058;6899;19850;6612;4058;18301;18301;35.3;1
sept-86;26502.22038;25297;22550.54038;21569;18677.09798;17743;3873.4424;3826;0;0;0;0;3951.68;3728;238;389;2369;23079;8186;4708;7557;23079;8186;4708;19351;19351;40.3;1
oct-86;29593.36589;28227;26075.22589;24908;22450.83389;21328;3624.392;3580;0;0;0;0;3518.14;3319;277;509;3197;25262;9140;5528;7588;26127.95058;9816.887609;5614.020955;21943;22780.7401;44.2;0.846774788
nov-86;31997.73945;30527;28243.21945;26985;24157.17305;22949;4086.0464;4036;0;0;0;0;3754.52;3542;257;632;3498;27404;12001;4942;6764;27621.76858;12173.75599;4957.634013;23862;24043.97576;47.9;0.968464769
déc-86;36320.79328;34663;32372.29328;30938;27480.37648;26106;4891.9168;4832;0;0;0;0;3948.5;3725;303;704;3801;31263;15530;5682;6688;31424.755;15663.56729;5692.787527;27538;27663.81145;50;0.981050537
janv-87;41302.48176;39350;33745.74176;32221;27456.71296;26009;6289.0288;6212;0;0;0;0;7556.74;7129;239;960;2955;37116;20023;5566;6913;33227.0132;16750.16692;5433.297765;29987;26840.37786;62.3;1.488477682
févr-87;34680.67281;33041;30424.77281;29026;25349.61161;24013;5075.1612;5013;0;0;0;0;4255.9;4015;106;767;3168;30534;15357;5279;6546;29888.73174;14806.9678;5254.601016;26519;25940.82798;54.9;1.092867124
mars-87;36168.49811;34503;32283.59811;30838;25943.94931;24576;6339.6488;6262;0;0;0;0;3884.9;3665;138;759;3293;31831;15197;5636;7574;29596.6859;13301.65399;5537.372816;28166;25947.64025;51.5;1.356223746
avr-87;29912.86506;28603;27416.56506;26248;20572.74106;19488;6843.824;6760;0;0;0;0;2496.3;2355;222;632;3454;25559;10156;5269;7565;26353.50962;10829.37694;5310.274494;23204;24103.25254;47.7;0.844548549
mai-87;28729.50035;27475;26776.98035;25633;20158.92155;19096;6618.0588;6537;0;0;0;0;1952.52;1842;319;652;3525;24283;9406;4756;7569;21289.11532;6930.073553;4552.681375;22441;18479.63745;44.4;1.893181879
juin-87;27664.69103;26464;26188.11103;25071;19673.31703;18636;6514.794;6435;0;0;0;0;1476.58;1393;351;481;3553;23041;8027;5178;7526;23041;8027;5178;21648;21648;40.7;1
juil-87;26904.12953;25761;25174.20953;24129;18203.83553;17244;6970.374;6885;0;0;0;0;1729.92;1632;358;761;3270;22894;7802;5098;7671;22894;7802;5098;21262;21262;38.8;1
août-87;23426.29453;22395;21234.21453;20327;15986.94533;15144;5247.2692;5183;0;0;0;0;2192.08;2068;148;680;2370;20557;7554;4043;6873;20557;7554;4043;18489;18489;36.7;1
sept-87;27064.0847;25815;24661.0647;23548;20035.4091;18979;4625.6556;4569;0;0;0;0;2403.02;2267;224;806;2931;23466;7895;5549;7676;23466;7895;5549;21199;21199;41.6;1
oct-87;30718.92611;29349;27107.50611;25942;20590.68731;19505;6516.8188;6437;0;0;0;0;3611.42;3407;224;697;3144;26678;10025;5740;7992;26673.06162;10020.89615;5739.706178;23271;23265.28331;44.9;1.001023823
nov-87;34022.0346;32452;30398.9546;29034;24521.9726;23229;5876.982;5805;0;0;0;0;3623.08;3418;213;813;3408;29644;13258;5561;7317;29019.43238;12735.70415;5532.638063;26226;25596.17495;53;1.102525907
déc-87;37273.26406;35536;33062.94406;31564;27026.00286;25601;6036.9412;5963;0;0;0;0;4210.32;3972;125;844;3471;32784;16343;5992;6895;32700.37689;16271.7214;5988.720786;28812;28736.47159;55.5;1.0109513
janv-88;36519.46733;34790;33243.00733;31699;26411.33213;24951;6831.6752;6748;0;0;0;0;3276.46;3091;102;693;3627;31754;15486;5481;6864;33465.02045;16926.69437;5539.940638;28663;30205.54422;51.5;0.787215634
févr-88;35647.87274;34016;32493.31274;31040;24517.62554;23162;7975.6872;7878;0;0;0;0;3154.56;2976;233;625;3377;31031;15252;5761;6686;30888.37071;15130.46436;5755.221389;28055;27920.43724;54.1;1.020081281
mars-88;36532.87094;34828;33503.39094;31970;26090.59814;24648;7412.7928;7322;0;0;0;0;3029.48;2858;110;704;3124;32298;14917;6244;7714;31358.81856;14121.04122;6200.313473;29440;28476.90765;54.9;1.140917154
avr-88;31073.17104;29694;28929.85104;27672;20990.61024;19830;7939.2408;7842;0;0;0;0;2143.32;2022;80;554;3467;26701;10918;5308;7810;26707.18413;10923.2481;5308.318799;24679;24686.1163;47.9;0.99879887
mai-88;29268.65285;28007;27130.63285;25990;18779.34525;17741;8351.2876;8249;0;0;0;0;2138.02;2017;191;661;3811;24666;8741;5431;8003;25028.59035;9044.12367;5453.848962;22649;23113.81075;41.9;0.916209773
juin-88;28952.36128;27660;27312.54128;26113;20096.15408;18985;7216.3872;7128;0;0;0;0;1639.82;1547;209;434;3777;24108;8073;5694;7981;24108;8073;5694;22561;22561;41.1;1
juil-88;28708.41571;27409;27221.23571;26006;20486.75091;19354;6734.4848;6652;0;0;0;0;1487.18;1403;253;550;3934;23772;8180;5070;8087;23772;8180;5070;22369;22369;40.7;1
août-88;26913.56598;25624;25382.92598;24180;20723.86118;19578;4659.0648;4602;0;0;0;0;1530.64;1444;202;581;3876;22127;8095;4548;7465;22127;8095;4548;20683;20683;40.9;1
sept-88;30095.3773;28615;27816.3773;26465;23480.2681;22182;4336.1092;4283;0;0;0;0;2279;2150;137;530;3986;25022;9000;5594;8191;25022;9000;5594;22872;22872;43.3;1
oct-88;32279.43654;30719;29302.95654;27911;24000.00534;22673;5302.9512;5238;0;0;0;0;2976.48;2808;167;755;3998;27309;10778;5347;8175;27719.18458;11122.22307;5367.765957;24501;24964.57912;46.1;0.922627188
nov-88;36211.70914;34441;28952.82914;27593;23353.24474;22062;5599.5844;5531;0;0;0;0;7258.88;6848;296;846;3262;31729;14631;6159;7527;30479.42575;13575.10516;6099.69442;24881;23771.60252;56.6;1.194454264
déc-88;39425.56709;37515;33043.30709;31494;26591.28189;25121;6452.0252;6373;0;0;0;0;6382.26;6021;440;783;4453;33405;16920;5643;6764;34173.88834;17568.85262;5669.171722;27384;28004.55838;54.3;0.907670034
janv-89;41260.74575;39286;34228.70575;32652;30608.36335;29076;3620.3424;3576;0;0;0;0;7032.04;6634;496;712;4577;34925;17634;6481;6735;34797.44971;17526.30625;6476.025852;28291;28187.07945;56.5;1.015361729
févr-89;35862.72858;34141;30095.26858;28700;27149.18458;25790;2946.084;2910;0;0;0;0;5767.46;5441;295;529;3924;30451;14865;5987;6217;31002.8098;15332.61257;6009.911213;25010;25476.18211;56.3;0.923755237
mars-89;36085.07412;34451;33000.47412;31541;27906.07732;26509;5094.3968;5032;0;0;0;0;3084.6;2910;389;380;4462;29980;13291;6201;7237;31341.95439;14442.82623;6263.439247;27070;28430.40781;51;0.800623124
avr-89;35252.46928;33702;32548.40928;31151;26411.24048;25089;6137.1688;6062;0;0;0;0;2704.06;2551;265;448;4309;29576;12253;5889;7927;27859.72882;10835.0231;5794.214073;27025;25057.44303;51.8;1.327174406
mai-89;30914.5992;29612;29246.1592;28038;22476.2404;21351;6769.9188;6687;0;0;0;0;1668.44;1574;365;420;4534;25133;8988;5992;7933;27110.91633;10670.71825;6112.488563;23559;26021.03091;43.1;0.605762656
juin-89;31131.4496;29734;29135.4696;27851;24530.062;23302;4605.4076;4549;0;0;0;0;1995.98;1883;435;347;4340;25306;8578;6219;8075;25306;8578;6219;23423;23423;44.1;1
juil-89;30426.52383;29059;28113.60383;26877;23595.26263;22414;4518.3412;4463;0;0;0;0;2312.92;2182;434;524;4222;24927;8824;5701;7904;24927;8824;5701;22745;22745;42.4;1
août-89;27310.28454;26065;25014.32454;23899;21391.95734;20321;3622.3672;3578;0;0;0;0;2295.96;2166;343;614;3628;22708;8165;5047;7234;22708;8165;5047;20542;20542;41.6;1
sept-89;29654.59646;28252;25500.45646;24333;22613.09166;21481;2887.3648;2852;0;0;0;0;4154.14;3919;304;686;4025;24609;8807;5778;7532;24609;8807;5778;20690;20690;43.2;1
oct-89;33118.94323;31528;27364.20323;26099;24594.27683;23363;2769.9264;2736;0;0;0;0;5754.74;5429;364;721;4589;27296;10491;6307;7536;28473.7047;11472.71679;6375.190381;21867;23050.45198;47.5;0.786075781
nov-89;36719.81908;34995;29143.99908;27848;24832.18748;23589;4311.8116;4259;0;0;0;0;7575.82;7147;273;871;4332;31261;14429;6384;6950;30550.78552;13832.48474;6349.771375;24114;23505.79832;55;1.107810576
déc-89;38402.43826;36567;31347.07826;29911;27822.91386;26430;3524.1644;3481;0;0;0;0;7055.36;6656;517;1853;3319;34584;17427;6060;6823;35012.87267;17787.48076;6075.390469;27928;28271.77314;59.6;0.949335045
janv-90;40288.29055;38337;31945.03055;30466;28765.08215;27325;3179.9484;3141;0;0;0;0;8343.26;7871;398;1045;3064;35920;18211;6966;6629;36292.02956;18525.60164;6980.818526;28049;28337.73877;58.1;0.957545018
févr-90;33432.20207;31901;28187.32207;26953;23511.04647;22334;4676.2756;4619;0;0;0;0;5244.88;4948;338;603;3156;29010;13579;6115;6083;31854.41563;15988.99618;6232.425458;24062;26454.46376;53.8;0.623178943
mars-90;35085.39104;33515;31375.39104;30015;25812.25304;24520;5563.138;5495;0;0;0;0;3710;3500;310;615;3370;30450;13883;6179;6855;31210.56464;14521.1868;6213.132361;26950;27679.89674;52.1;0.890128333
avr-90;35592.00694;33952;31215.26694;29823;26707.04974;25370;4508.2172;4453;0;0;0;0;4376.74;4129;387;511;4542;29534;12947;6050;7594;28344.58946;11939.27588;5986.835796;25405;24180.44256;51.4;1.211010309
mai-90;31172.96828;29810;29369.90828;28109;23831.06788;22638;5538.8404;5471;0;0;0;0;1803.06;1701;503;272;4177;25402;8812;6169;7780;28110.32872;11076.93846;6330.810229;23701;27015.35124;41.9;0.488816683
juin-90;30873.47696;29532;29601.47696;28332;23982.65696;22782;5618.82;5550;0;0;0;0;1272;1200;413;307;3990;25436;9106;5967;7871;25436;9106;5967;24236;24236;43.4;1
juil-90;31422.03765;30032;29874.43765;28572;24765.86725;23526;5108.5704;5046;0;0;0;0;1547.6;1460;356;477;4334;25819;9127;6207;7984;25819;9127;6207;24359;24359;43.1;1
août-90;29608.33754;28250;28044.83754;26775;24496.37554;23270;3548.462;3505;0;0;0;0;1563.5;1475;362;367;4630;23625;8894;5202;7263;23625;8894;5202;22150;22150;42.2;1
sept-90;32229.71722;30714;29987.81722;28599;27013.38602;25661;2974.4312;2938;0;0;0;0;2241.9;2115;420;392;5165;25521;9068;5937;7698;25521;9068;5937;23406;23406;44.3;1
oct-90;35680.03783;34015;31656.27783;30219;27754.48823;26365;3901.7896;3854;0;0;0;0;4023.76;3796;614;547;5323;28625;11216;6714;7944;29873.54931;12271.58211;6786.975615;24829;26180.187;48.8;0.784953948
nov-90;39213.65259;37457;33093.21259;31683;26573.35659;25243;6519.856;6440;0;0;0;0;6120.44;5774;446;738;5281;32468;15302;6538;7256;32055.82932;14951.72559;6518.910168;26694;26323.98445;58.5;1.058567556
déc-90;44764.91833;42731;37221.95833;35615;30438.87833;28915;6783.08;6700;0;0;0;0;7542.96;7116;395;800;5395;37741;20297;6218;6540;36148.49499;18956.6965;6163.527184;30625;29378.69525;63.4;1.17675858
janv-91;45486.52554;43406;39835.66554;38075;33656.98834;31972;6178.6772;6103;0;0;0;0;5650.86;5331;438;579;5452;38095;19375;7245;7113;37792.34626;19119.1021;7232.898989;32764;32502.98007;62.6;1.033461025
févr-91;43281.6316;41263;35478.9716;33902;30210.442;28698;5268.5296;5204;0;0;0;0;7802.66;7361;325;507;4766;36679;19185;6723;6592;34624.23071;17447.02359;6640.316035;29318;27664.52728;67.8;1.249036233
mars-91;38543.48433;36813;34420.08433;32923;28440.84993;27017;5979.2344;5906;0;0;0;0;4123.4;3890;591;552;5370;31404;14281;6370;7127;32836.63211;15485.66574;6432.550371;27514;28861.10316;52.5;0.80551922
avr-91;36357.30614;34704;30771.10614;29434;25392.22494;24121;5378.8812;5313;0;0;0;0;5586.2;5270;385;555;4955;29919;13106;6546;7483;28646.24192;12024.45334;6473.220291;24649;23386.87226;52;1.224863997
mai-91;35526.81335;33898;30179.11335;28853;25293.27095;24027;4885.8424;4826;0;0;0;0;5347.7;5045;559;590;4914;29015;11484;6243;8309;25623.27709;8682.538858;6000.969928;23970;20082.22632;50.4;1.806636511
juin-91;32417.89804;30996;29342.83804;28095;23494.20324;22318;5848.6348;5777;0;0;0;0;3075.06;2901;552;387;4317;26514;9250;6097;8170;26514;9250;6097;23613;23613;46.2;1
juil-91;33179.32861;31688;28963.70861;27711;23745.79901;22557;5217.9096;5154;0;0;0;0;4215.62;3977;467;476;4366;27331;9624;6699;8618;27331;9624;6699;23354;23354;45;1
août-91;30829.59393;29408;28082.07393;26816;24384.78913;23164;3697.2848;3652;0;0;0;0;2747.52;2592;394;311;4698;24627;9200;5214;7823;24627;9200;5214;22035;22035;43.1;1
sept-91;33219.47851;31655;29026.11851;27699;25693.29771;24407;3332.8208;3292;0;0;0;0;4193.36;3956;495;253;4900;26513;9389;6316;8236;26513;9389;6316;22557;22557;45.2;1
oct-91;38362.73308;36610;33662.69308;32176;28411.37428;26989;5251.3188;5187;0;0;0;0;4700.04;4434;463;462;4978;31631;12918;7058;8611;29537.54941;11162.11982;6921.892192;27197;24851.418;55.6;1.393267633
nov-91;41857.1077;39938;35680.4877;34111;29947.2665;28448;5733.2212;5663;0;0;0;0;6176.62;5827;457;344;4912;34913;16154;6641;7936;34077.66813;15456.00517;6603.721903;29086;28318.67538;59.5;1.112900264
déc-91;45875.89452;43729;38197.25452;36485;32907.46452;31260;5289.79;5225;0;0;0;0;7678.64;7244;310;500;5118;38801;20565;6791;7095;37470.32485;19432.61576;6741.891763;31557;30490.93296;64.2;1.145680882
janv-92;47757.6128;45493;38608.7528;36862;33686.464;32000;4922.2888;4862;0;0;0;0;9148.86;8631;237;541;5150;40647;21467;7379;7356;39247.19461;20274.14486;7325.127102;32016;30924.31705;64;1.147090685
févr-92;42063.06071;40073;34440.60071;32882;30060.95831;28556;4379.6424;4326;0;0;0;0;7622.46;7191;235;513;4470;35881;17705;6829;6933;35743.2519;17589.78416;6823.413197;28690;28577.68701;62.4;1.016375391
mars-92;41400.49204;39458;35622.43204;34007;31181.03324;29620;4441.3988;4387;0;0;0;0;5778.06;5451;341;492;4886;34723;16159;6943;8053;34779.84849;16207.41354;6945.593418;29272;29324.55764;56.4;0.992532192
avr-92;38422.4101;36686;33800.8101;32326;28052.4029;26648;5748.4072;5678;0;0;0;0;4621.6;4360;342;341;4994;31691;13684;6728;8427;30961.56393;13060.14323;6688.06557;27331;26569.49715;55.9;1.11941997
mai-92;34382.89118;32871;31547.39118;30196;25518.54918;24241;6028.842;5955;0;0;0;0;2835.5;2675;487;394;4802;27976;10344;6113;8590;29330.18017;11479.85017;6189.551557;25301;26897.80905;47.2;0.75264264
juin-92;32791.72589;31438;30662.18589;29429;22679.41189;21544;7982.774;7885;0;0;0;0;2129.54;2009;454;434;4364;27054;9654;6545;8605;27054;9654;6545;25045;25045;45.2;1
juil-92;34178.9588;32719;31611.6388;30297;24525.8512;23298;7085.7876;6999;0;0;0;0;2567.32;2422;418;276;4657;27920;9905;6569;9123;27920;9905;6569;25498;25498;45.6;1
août-92;31938.0555;30494;29470.3755;28166;24947.9847;23699;4522.3908;4467;0;0;0;0;2467.68;2328;463;272;4829;25474;9748;5367;8180;25474;9748;5367;23146;23146;43.8;1
sept-92;34259.66273;32692;30646.12273;29283;26120.69473;24813;4525.428;4470;0;0;0;0;3613.54;3409;425;293;4736;27824;10021;6668;8563;27824;10021;6668;24415;24415;47.7;1
oct-92;40430.25172;38628;35830.91172;34289;29169.31972;27709;6661.592;6580;0;0;0;0;4599.34;4339;572;450;5063;33443;14301;7095;8585;29680.23364;11168.11177;6854.641273;29104;24911.14296;56.6;1.701302132
nov-92;40419.17053;38715;37761.75053;36208;29499.55413;28047;8262.1964;8161;0;0;0;0;2657.42;2507;531;272;5241;33215;15673;6775;7387;34397.17335;16683.20276;6826.671149;30708;31865.72158;59.2;0.848619781
déc-92;44791.19815;42880;41794.57815;40053;33241.82295;31605;8552.7552;8448;0;0;0;0;2996.62;2827;500;459;5341;37498;19119;7038;7284;37621.09383;19223.96902;7042.806997;34671;34784.96221;60.6;0.986349201
janv-93;45404.48517;43329;40955.66517;39132;35706.37117;33947;5249.294;5185;0;0;0;0;4448.82;4197;450;465;5740;37604;19142;6886;7033;39022.42776;20338.07013;6936.995083;33407;34628.90346;70;0.852976448
févr-93;42741.92766;40756;37225.68766;35552;32889.57846;31269;4336.1092;4283;0;0;0;0;5516.24;5204;336;388;5310;35498;18374;6688;6561;34391.11664;17432.77947;6643.165755;30294;29343.42411;62.2;1.134978552
mars-93;43264.20953;41255;38624.58953;36878;34395.79473;32701;4228.7948;4177;0;0;0;0;4639.62;4377;341;342;5958;35298;17064;7276;7478;34648.40884;16508.90452;7245.546962;30921;30309.52346;64;1.084060012
avr-93;38238.39072;36516;35522.67072;33954;30616.58032;29108;4906.0904;4846;0;0;0;0;2715.72;2562;465;240;5615;30676;13031;6645;7801;31404.87647;13646.20767;6682.659026;28114;28895.61514;53.1;0.887293289
mai-93;35139.15529;33634;33238.57529;31841;26751.11609;25433;6487.4592;6408;0;0;0;0;1900.58;1793;425;156;5226;28139;10647;6041;8563;28693.08566;11112.42445;6072.793541;26346;27025.14043;47.6;0.895291875
juin-93;33831.48885;32413;32299.78885;30968;25284.86925;24039;7014.9196;6929;0;0;0;0;1531.7;1445;345;220;4718;27570;9866;6630;8596;27570;9866;6630;26125;26125;46.2;1
juil-93;34896.74753;33401;33422.28753;32010;27087.70073;25753;6334.5868;6257;0;0;0;0;1474.46;1391;325;263;5223;28116;9996;6416;9095;28116;9996;6416;26725;26725;46.4;1
août-93;32500.98132;31053;30888.72132;29532;26425.04972;25123;4463.6716;4409;0;0;0;0;1612.26;1521;310;296;5339;25700;10055;5398;8108;25700;10055;5398;24179;24179;45.1;1
sept-93;35586.16099;34003;33913.48099;32425;28983.09299;27555;4930.388;4870;0;0;0;0;1672.68;1578;415;341;5527;28402;10699;6648;8429;28402;10699;6648;26824;26824;50.1;1
oct-93;39220.44844;37565;36969.00844;35441;29039.89164;27609;7929.1168;7832;0;0;0;0;2251.44;2124;358;232;4895;32544;14201;6944;7637;29531.69894;11716.24267;6764.670281;30420;26986.10453;56.8;1.530195004
nov-93;44240.8357;42250;40030.5157;38278;34090.7649;32411;5939.7508;5867;0;0;0;0;4210.32;3972;220;329;5534;36825;18693;6964;7141;33820.41265;16151.32425;6829.655218;32853;30018.6444;64.1;1.393415999
déc-93;46473.46325;44408;43556.34325;41656;36917.02405;35098;6639.3192;6558;0;0;0;0;2917.12;2752;197;391;6008;38594;19456;7332;7274;39872.98333;20536.26582;7380.529598;35842;37010.10178;64;0.868492911
janv-94;46998.8198;44906;43192.3598;41315;34779.3158;33005;8413.044;8310;0;0;0;0;3806.46;3591;167;457;5803;39393;20131;7301;7343;40335.6321;20928.19824;7335.930089;35802;36639.40225;66.9;0.904769843
févr-94;42135.25028;40232;38013.97028;36344;31065.86908;29481;6948.1012;6863;0;0;0;0;4121.28;3888;72;358;5413;35105;17768;6727;6720;35579.12206;18170.88853;6745.695863;31217;31637.88892;62.6;0.944569506
mars-94;41243.18371;39410;38018.66371;36368;30566.38731;29007;7452.2764;7361;0;0;0;0;3224.52;3042;57;261;5850;33764;14969;7237;7752;35336.47822;16290.1075;7311.115297;30722;32293.3714;55.7;0.797253103
avr-94;40382.15738;38611;36631.87738;35073;28636.95458;27176;7994.9228;7897;0;0;0;0;3750.28;3538;86;324;5304;33545;15059;6811;8243;31981.01286;13736.04749;6729.977416;30007;28367.70211;57.7;1.240781148
mai-94;35585.84517;34058;32874.36517;31500;25064.71157;23786;7809.6536;7714;0;0;0;0;2711.48;2558;176;204;4939;29147;10852;6604;8995;29357.65184;11029.83106;6617.336196;26589;26848.72494;48.3;0.95969316
juin-94;34762.73052;33249;32372.43052;30994;25328.15132;24036;7044.2792;6958;0;0;0;0;2390.3;2255;257;247;4475;28764;10254;6962;8954;28764;10254;6962;26509;26509;47.7;1
juil-94;36449.64042;34809;33899.28042;32403;27885.62442;26463;6013.656;5940;0;0;0;0;2550.36;2406;365;324;5392;29376;10584;6726;9401;29376;10584;6726;26970;26970;48.6;1
août-94;33990.23715;32423;32475.49715;30994;27954.11875;26528;4521.3784;4466;0;0;0;0;1514.74;1429;349;328;5578;26824;10135;5912;8557;26824;10135;5912;25395;25395;47.1;1
sept-94;36325.85674;34685;34475.09674;32939;28730.73914;27265;5744.3576;5674;0;0;0;0;1850.76;1746;337;360;5320;29388;11037;6972;8675;29388;11037;6972;27642;27642;50.7;1
oct-94;39967.76193;38161;37300.80193;35645;30925.71913;29348;6375.0828;6297;0;0;0;0;2666.96;2516;405;254;6041;31969;13192;7170;8229;31388.59767;12706.97332;7135.952481;29453;28793.56767;55.4;1.095425296
nov-94;41177.3046;39345;38976.7446;37269;31736.0598;30117;7240.6848;7152;0;0;0;0;2200.56;2076;414;275;6257;32949;14517;7076;7764;35533.70648;16702.27998;7193.649645;30873;33503.06918;58.8;0.672906935
déc-94;46756.90124;44587;43355.36124;41378;37307.28364;35404;6048.0776;5974;0;0;0;0;3401.54;3209;417;326;6514;37982;18893;7132;7737;39344.86623;20052.5191;7183.925514;34773;36022.79155;64.5;0.855439721
janv-95;50537.72827;48322;46618.90827;44625;38807.22987;36909;7811.6784;7716;0;0;0;0;3918.82;3697;370;268;6852;41368;21158;7636;7856;41783.35092;21510.31465;7651.665705;37671;38044.87928;66.8;0.959052825
févr-95;41249.63171;39491;39202.77171;37560;31707.97451;30157;7494.7972;7403;0;0;0;0;2046.86;1931;209;201;6095;33388;16081;6689;7012;35714.2613;18062.9971;6782.021291;31457;33673.9643;59.6;0.725682691
mars-95;46393.29591;44406;42853.95591;41067;34420.66391;32737;8433.292;8330;0;0;0;0;3539.34;3339;190;184;6841;37559;17582;7590;8383;36429.34732;16626.88603;7535.888601;34220;33079.85744;59.4;1.14360987
avr-95;40141.95235;38400;37268.29235;35689;30622.89875;29125;6645.3936;6564;0;0;0;0;2873.66;2711;216;248;6060;32372;14284;6816;8157;31969.69087;13941.28355;6795.119576;29661;29229.86796;55.6;1.06145712
mai-95;38124.35867;36525;35843.23867;34373;28124.70107;26749;7718.5376;7624;0;0;0;0;2281.12;2152;296;167;5950;30446;11550;6953;9153;29756.5588;10969.43436;6907.303217;28294;27423.16491;52.8;1.132314397
juin-95;36830.76025;35271;33995.26025;32596;26806.20785;25495;7189.0524;7101;0;0;0;0;2835.5;2675;405;182;5445;29603;10717;7010;9205;29603;10717;7010;26928;26928;49.3;1
juil-95;37612.17195;35983;34461.85195;33011;28057.40955;26685;6404.4424;6326;0;0;0;0;3150.32;2972;370;179;5868;29924;10845;6968;9550;29924;10845;6968;26952;26952;49.5;1
août-95;35805.73618;34205;33493.87618;32024;28899.60498;27486;4594.2712;4538;0;0;0;0;2311.86;2181;331;149;6139;27884;10469;6210;8805;27884;10469;6210;25703;25703;48.5;1
sept-95;37100.64404;35454;33261.32404;31832;27871.30644;26508;5390.0176;5324;0;0;0;0;3839.32;3622;430;118;6195;28947;11056;6973;8233;28947;11056;6973;25325;25325;50.4;1
oct-95;39117.41826;37353;35851.55826;34272;31103.40226;29582;4748.156;4690;0;0;0;0;3265.86;3081;548;208;6371;30642;12019;7410;7997;34432.75176;15212.22724;7609.670019;27561;31532.41744;51.6;0.475220297
nov-95;43821.86465;41808;39041.26465;37298;34502.67545;32815;4538.5892;4483;0;0;0;0;4780.6;4510;468;270;6209;35401;16789;7222;7525;35197.03239;16616.65229;7212.648812;30891;30699.94831;62.2;1.025929969
déc-95;46235.35773;44153;42068.49773;40222;36306.92933;34531;5761.5684;5691;0;0;0;0;4166.86;3931;397;686;4676;39766;21091;7143;6978;38825.34328;20293.00653;7108.060709;35835;35008.99284;64.4;1.098308926
janv-96;49934.0947;47754;45811.7547;43865;38640.9255;36782;7170.8292;7083;0;0;0;0;4122.34;3889;477;405;6596;41086;20541;7839;8130;41711.29016;21071.88289;7863.764862;37197;37767.91259;66.6;0.937015252
févr-96;47985.78374;45872;42478.02374;40676;35743.53894;34024;6734.4848;6652;0;0;0;0;5507.76;5196;401;570;5926;40115;20782;7329;7450;38427.36527;19352.97951;7261.972162;34919;33437.58489;69.6;1.184599545
mars-96;46669.231;44594;41936.331;40129;36076.5598;34341;5859.7712;5788;0;0;0;0;4732.9;4465;446;483;6329;38302;18254;7570;8205;36741.27848;16940.08265;7497.311105;33837;32332.33161;63.5;1.193906574
avr-96;41422.02013;39578;38203.86013;36542;33294.73253;31693;4909.1276;4849;0;0;0;0;3218.16;3036;508;249;5995;33324;13980;7196;8801;33267.63782;13932.37234;7192.926383;30288;30226.00365;62.8;1.008546221
mai-96;39416.97299;37734;36827.39299;35291;30266.02859;28810;6561.3644;6481;0;0;0;0;2589.58;2443;490;242;5700;31786;12554;6885;9179;28898.21791;10151.82776;6687.205335;29343;25694.96362;53;1.591561513
juin-96;36781.75778;35211;33794.67778;32393;27545.13258;26220;6249.5452;6173;0;0;0;0;2987.08;2818;474;276;5661;29352;10849;6955;9045;29352;10849;6955;26534;26534;49.4;1
juil-96;38335.53688;36664;35489.43688;33979;29999.19168;28556;5490.2452;5423;0;0;0;0;2846.1;2685;481;287;5709;30761;11201;7350;9776;30761;11201;7350;28076;28076;50.5;1
août-96;35344.63405;33794;34173.33405;32689;29720.79885;28291;4452.5352;4398;0;0;0;0;1171.3;1105;429;197;5842;27720;10630;5926;8747;27720;10630;5926;26615;26615;48.3;1
sept-96;37947.75131;36248;34981.87131;33450;30770.28731;29290;4211.584;4160;0;0;0;0;2965.88;2798;403;199;5817;30227;11504;7013;9146;30227;11504;7013;27429;27429;52.1;1
oct-96;42764.91251;40837;38622.43251;36929;34032.21091;32395;4590.2216;4534;0;0;0;0;4142.48;3908;586;180;6446;33985;13601;7719;9297;33397.37402;13107.74805;7682.8612;30077;29412.90548;55.5;1.094076409
nov-96;45575.0353;43562;40988.4153;39235;34896.8045;33218;6091.6108;6017;0;0;0;0;4586.62;4327;609;214;6280;36887;17665;7356;7836;36148.64036;17040.83372;7322.47434;32560;31859.82894;64.7;1.091569212
déc-96;50144.4121;47991;44832.7521;42980;36353.9021;34605;8478.85;8375;0;0;0;0;5311.66;5011;532;315;6127;41647;21909;7407;7500;40146.18505;20638.82387;7350.453833;36636;35331.36024;67.9;1.15385762
janv-97;51914.82411;49585;44865.82411;42935;37149.31131;35313;7716.5128;7622;0;0;0;0;7049;6650;350;801;5656;44380;24127;7862;7560;42163.95631;22234.93091;7779.253592;37730;35897.2082;68.9;1.212736111
févr-97;43309.91994;41362;38811.27994;37118;32755.10314;31136;6056.1768;5982;0;0;0;0;4498.64;4244;394;440;5703;35705;17720;7303;6956;37647.68561;19380.87886;7382.077532;31461;33166.34956;65.6;0.785758057
mars-97;42178.08066;40276;39744.32066;37980;34358.35266;32660;5385.968;5320;0;0;0;0;2433.76;2296;486;272;6191;33871;15445;7108;7734;35545.38107;16866.52839;7183.681004;31575;33256.74778;55.5;0.789297425
avr-97;41751.38961;39839;39448.00961;37666;34931.69321;33205;4516.3164;4461;0;0;0;0;2303.38;2173;436;221;6017;33607;13786;7525;9186;33278.37802;13507.15714;7505.63164;31434;31049.40808;55.7;1.051610206
mai-97;38647.07372;36942;37088.87372;35472;31267.57372;29722;5821.3;5750;0;0;0;0;1558.2;1470;541;274;5622;31053;11992;6971;9349;31441.56664;12322.79817;6994.470298;29583;30067.28297;53;0.93288899
juin-97;37238.59413;35607;35189.61413;33674;29169.88373;27728;6019.7304;5946;0;0;0;0;2048.98;1933;478;267;5361;30035;10668;7508;9153;30035;10668;7508;28102;28102;50.8;1
juil-97;38490.67109;36826;36890.07109;35316;30181.90869;28690;6708.1624;6626;0;0;0;0;1600.6;1510;423;307;5340;31370;11284;7374;9927;31370;11284;7374;29860;29860;51.3;1
août-97;36238.43399;34625;34557.27399;33039;29449.71599;27994;5107.558;5045;0;0;0;0;1681.16;1586;365;328;5487;29101;10970;6299;9131;29101;10970;6299;27515;27515;49.3;1
sept-97;37673.35851;35964;35031.83851;33472;30411.24491;28908;4620.5936;4564;0;0;0;0;2641.52;2492;406;258;5617;30199;10831;7422;9267;30199;10831;7422;27707;27707;50.1;1
oct-97;43116.01264;41123;38877.07264;37124;34341.52064;32644;4535.552;4480;0;0;0;0;4238.94;3999;563;230;6193;34597;13607;8097;9454;33549.03998;12732.16084;8028.048125;30598;29386.4952;61.9;1.171777432
nov-97;44538.15686;42489;39968.49686;38178;34988.50126;33259;4979.9956;4919;0;0;0;0;4569.66;4311;393;309;6245;36160;17043;7377;8001;36946.30498;17712.95664;7412.043187;31849;32588.55764;61.9;0.905442573
déc-97;48495.95548;46305;43071.93548;41188;36479.18668;34676;6592.7488;6512;0;0;0;0;5424.02;5117;402;531;6202;40232;20960;7291;7825;40958.88203;21585.29723;7317.497265;35115;35736.13689;67;0.927578339
janv-98;50949.92471;48660;45817.40471;43818;38868.29111;36954;6949.1136;6864;0;0;0;0;5132.52;4842;496;242;6771;41635;21261;7864;7825;42354.40554;21871.90179;7891.552265;36793;37420.10624;68.1;0.930172762
févr-98;45186.64333;43119;40500.38333;38698;35303.73413;33565;5196.6492;5133;0;0;0;0;4686.26;4421;322;248;6203;36842;18057;7475;7328;37829.3876;18895.95129;7516.716336;32421;33308.30256;67.8;0.88900383
mars-98;46978.41043;44816;41308.47043;39467;36092.58563;34315;5215.8848;5152;0;0;0;0;5669.94;5349;430;202;6953;37635;17268;7966;8330;38070.88219;17635.90574;7986.826825;32286;32695.23665;61.8;0.94784706
avr-98;43478.56077;41528;37818.16077;36188;31537.23117;29984;6280.9296;6204;0;0;0;0;5660.4;5340;430;262;5809;35551;15818;7583;8687;34633.02043;15038.27074;7534.169482;30211;29299.49854;60.8;1.129624155
mai-98;39534.90094;37805;36343.24094;34794;29838.57094;28369;6504.67;6425;0;0;0;0;3191.66;3011;456;226;5966;31609;11943;7189;9397;33173.55311;13264.44917;7279.652948;28598;30416.09222;55.2;0.750941568
juin-98;38092.65123;36428;34960.35123;33473;28623.73963;27214;6336.6116;6259;0;0;0;0;3132.3;2955;460;178;5296;30850;11262;7564;9361;30850;11262;7564;27895;27895;51.9;1
juil-98;37705.68021;35981;33629.98021;32136;29243.25101;27803;4386.7292;4333;0;0;0;0;4075.7;3845;546;396;3810;32021;11665;7698;9984;32021;11665;7698;28176;28176;52.6;1
août-98;32223.88454;30742;29183.80454;27874;25737.59494;24470;3446.2096;3404;0;0;0;0;3040.08;2868;391;798;2281;28868;11367;6423;8524;28868;11367;6423;26000;26000;48.8;1
sept-98;36261.5425;34602;32945.8625;31474;28871.9649;27450;4073.8976;4024;0;0;0;0;3315.68;3128;460;556;3727;30971;11608;7687;8904;30971;11608;7687;27843;27843;52.1;1
oct-98;42907.4589;40996;39345.8589;37636;33185.4049;31551;6160.454;6085;0;0;0;0;3561.6;3360;615;318;5229;35470;14697;8116;9155;34462.30738;13850.34324;8054.454966;32110;30973.95696;58.5;1.152822343
nov-98;46772.5676;44663;40730.5676;38963;34286.6416;32598;6443.926;6365;0;0;0;0;6042;5700;493;423;5128;39465;19540;7720;8130;36805.20378;17279.07947;7595.764363;33765;31307.12846;69;1.327118198
déc-98;49927.26985;47615;41615.80985;39774;36000.02705;34227;5615.7828;5547;0;0;0;0;8311.46;7841;457;741;4979;42920;22641;7926;7723;42733.03302;22481.23664;7918.965464;35079;34930.06129;68.7;1.0177663
janv-99;49629.8778;47461;43319.6978;41508;38012.697;36266;5307.0008;5242;0;0;0;0;6310.18;5953;599;609;5610;41861;21491;8209;7894;43161.2896;22607.74572;8260.001999;35908;37004.7451;71;0.876508506
févr-99;46535.5484;44550;39966.7284;38353;33607.844;32072;6358.8844;6281;0;0;0;0;6568.82;6197;413;518;5546;39109;20357;7486;7206;38858.70774;20142.63646;7476.054718;32912;32703.17821;68.5;1.026605695
mars-99;46571.7036;44471;41492.1836;39679;34512.698;32785;6979.4856;6894;0;0;0;0;5079.52;4792;394;421;6185;38313;17947;8178;8164;38911.51278;18454.44527;8206.205944;33521;34083.31713;60.7;0.931257041
avr-99;43354.9366;41450;40137.8366;38415;33467.133;31826;6670.7036;6589;0;0;0;0;3217.1;3035;450;248;5923;35325;15423;7624;8853;35694.87734;15737.89887;7643.116344;32290;32682.36391;61.6;0.949977619
mai-99;38953.718;37242;36870.818;35277;28295.79;26807;8575.028;8470;0;0;0;0;2082.9;1965;663;244;5269;31554;12285;7227;9162;34731.0328;15004.52862;7394.529715;29589;33199.37614;52.4;0.54688203
juin-99;38246.4492;36525;35783.0092;34201;28591.932;27098;7191.0772;7103;0;0;0;0;2463.44;2324;507;392;4878;31532;11766;7736;9311;31532;11766;7736;29208;29208;52.4;1
juil-99;40125.4698;38257;37375.8298;35663;31542.381;29901;5833.4488;5762;0;0;0;0;2749.64;2594;552;360;5442;32623;12131;7762;9944;32623;12131;7762;30029;30029;53.1;1
août-99;37335.6944;35631;35268.6944;33681;30241.116;28715;5027.5784;4966;0;0;0;0;2067;1950;504;442;5922;29647;11539;6619;8927;29647;11539;6619;27697;27697;51.3;1
sept-99;39555.78;37723;36321.72;34672;31274.906;29687;5046.814;4985;0;0;0;0;3234.06;3051;486;539;5979;31797;11844;7923;9293;31797;11844;7923;28746;28746;53.2;1
oct-99;43910.0848;41988;40087.7248;38382;33702.518;32075;6385.2068;6307;0;0;0;0;3822.36;3606;643;353;6064;35634;14752;8119;9441;35327.74856;14492.4352;8100.863822;32028;31687.47941;59.9;1.044775911
nov-99;47663.2176;45654;41287.3176;39639;34485.002;32920;6802.3156;6719;0;0;0;0;6375.9;6015;486;410;5547;40031;19518;7788;8731;38395.26176;18119.86193;7713.601804;34016;32510.86667;67.5;1.192901313
déc-99;51625.9364;49354;43976.9764;42138;36509.514;34762;7467.4624;7376;0;0;0;0;7648.96;7216;601;429;5743;43439;22686;7800;8594;43621.93386;22843.83451;7806.742374;36223;36373.79008;71.9;0.982726793
janv-00;52435.1982;50126;43859.7982;42036;38050.647;36298;5809.1512;5738;0;0;0;0;8575.4;8090;565;695;4732;45524;23854;8505;8749;45101.98716;23489.39404;8488.529968;37434;37088.58321;72.4;1.038805382
févr-00;47981.563;45880;41016.303;39309;35336.739;33699;5679.564;5610;0;0;0;0;6965.26;6571;664;300;5488;40028;19465;8291;8415;41549.97898;20774.48008;8356.844739;33457;34772.07521;65.3;0.842417227
mars-00;48949.5918;46864;43747.1118;41956;37584.633;35869;6162.4788;6087;0;0;0;0;5202.48;4908;639;267;6524;39968;18502;8508;9204;39991.90109;18522.48011;8509.176063;35060;35083.27473;63.9;0.997235776
avr-00;44787.1884;42798;40143.3284;38417;33865.436;32216;6277.8924;6201;0;0;0;0;4643.86;4381;584;232;5795;36651;16152;7800;9327;36626.0674;16130.65145;7798.709823;32270;32244.39516;63.3;1.003308693
mai-00;41703.14;39848;40000.78;38242;32331.85;30667;7668.93;7575;0;0;0;0;1702.36;1606;550;204;6447;33055;12645;8020;9521;35525.44848;14755.05417;8165.972389;31449;34400.69339;54.2;0.642486205
juin-00;39869.4638;38053;37377.4038;35702;31047.879;29450;6329.5248;6252;0;0;0;0;2492.06;2351;336;180;6208;31689;11773;7882;9262;31689;11773;7882;29338;29338;53.4;1
juil-00;40597.7788;38745;37883.1188;36184;32748.226;31112;5134.8928;5072;0;0;0;0;2714.66;2561;367;205;6212;32371;12118;7835;9619;32371;12118;7835;29810;29810;53.9;1
août-00;38907.2188;37095;36689.6988;35003;31929.394;30301;4760.3048;4702;0;0;0;0;2217.52;2092;389;273;6376;30603;11894;7082;8907;30603;11894;7082;28511;28511;52.3;1
sept-00;40203.7306;38405;37254.8106;35623;32613.969;31039;4640.8416;4584;0;0;0;0;2948.92;2782;450;416;6285;32086;11966;8087;9058;32086;11966;8087;29304;29304;53.1;1
oct-00;44825.4912;42831;40734.9512;38972;35072.598;33379;5662.3532;5593;0;0;0;0;4090.54;3859;656;397;6035;36537;15199;8561;9496;36302.65894;14999.88444;8546.818186;32678;32419.78665;59.9;1.033186183
nov-00;49353.2188;47282;43744.7588;41991;36301.594;34639;7443.1648;7352;0;0;0;0;5608.46;5291;706;288;6432;40432;18870;8518;9009;41220.59012;19543.06254;8554.828507;35141;35882.47487;66.4;0.913900069
déc-00;50900.5628;48745;45190.3428;43358;38278.688;36531;6911.6548;6827;0;0;0;0;5710.22;5387;698;238;6640;41645;20803;8144;8541;43956.48555;22793.85781;8233.895463;36258;38263.18661;64.9;0.781645364
janv-01;53701.6132;51508;48616.7932;46711;40676.54;38868;7940.2532;7843;0;0;0;0;5084.82;4797;655;345;6144;45054;23482;8465;9310;46095.70707;24396.08266;8504.832831;40257;41182.83341;70.6;0.906328951
févr-01;46279.3818;44379;41572.9818;39939;34858.745;33307;6714.2368;6632;0;0;0;0;4706.4;4440;432;406;5140;39213;19883;7975;7940;40085.28553;20642.47327;8011.846257;34773;35557.94396;69.03;0.908020558
mars-01;48410.1484;46360;43983.5884;42184;35432.858;33738;8550.7304;8446;0;0;0;0;4426.56;4176;573;313;6563;39537;19283;8400;8818;41159.3114;20707.86108;8472.87492;35361;36883.73169;65.5;0.827980655
avr-01;45022.7438;43165;41825.7838;40149;33132.305;31562;8693.4788;8587;0;0;0;0;3196.96;3016;482;238;5819;37102;16839;8021;8929;35763.24752;15692.38741;7948.403182;34086;32654.4033;62.98;1.182670196
mai-01;42180.735;40372;39340.995;37693;30406.565;28868;8934.43;8825;0;0;0;0;2839.74;2679;490;229;5561;34550;13654;7984;9602;35774.34504;14690.03739;8055.011503;31871;33279.2417;58;0.823683671
juin-01;39990.9456;38240;37426.8056;35821;30052.484;28537;7374.3216;7284;0;0;0;0;2564.14;2419;277;189;5662;32490;12158;8029;9550;32490;12158;8029;30071;30071;54.9;1
juil-01;41878.3864;40024;39514.5864;37794;32836.796;31198;6677.7904;6596;0;0;0;0;2363.8;2230;253;196;6621;33346;12357;8282;9878;33346;12357;8282;31116;31116;55.4;1
août-01;39442.744;37628;37523.084;35817;32405.402;30762;5117.682;5055;0;0;0;0;1919.66;1811;368;318;6191;31387;11929;7523;9231;31387;11929;7523;29576;29576;54.4;1
sept-01;41793.284;39947;39434.784;37722;34560.078;32907;4874.706;4815;0;0;0;0;2358.5;2225;455;219;5922;33789;13018;7979;9654;33789;13018;7979;31564;31564;57.6;1
oct-01;45942.563;43988;42685.183;40915;37496.633;35790;5188.55;5125;0;0;0;0;3257.38;3073;698;150;7443;35997;14152;8569;9876;41081.56616;18497.0909;8828.226205;32924;38325.79153;58;0.412733207
nov-01;51090.2206;48889;43774.1006;41987;38890.283;37163;4883.8176;4824;0;0;0;0;7316.12;6902;560;270;6472;42127;20568;8325;9187;40501.77701;19173.88796;8250.01879;35225;33752.53448;72.4;1.181772216
déc-01;53801.1646;51500;45454.7246;43626;40322.869;38557;5131.8556;5069;0;0;0;0;8346.44;7874;583;832;5361;46388;25791;8252;8359;44236.04825;23904.56578;8171.394073;38514;36772.8379;77.08;1.197288066
janv-02;55359.2912;52741;46673.6512;44547;42130;40059;4543.6512;4488;0;0;0;0;8685.64;8194;703;590;5834;46794;19666;14157;8314;47367.05578;20140.23296;14198.79157;38600;39153.15295;76.28;0.941133631
févr-02;47465.3744;45240;40458.7744;38630;36150;34374;4308.7744;4256;0;0;0;0;7006.6;6610;638;363;5891;39074;16395;11380;7564;41363.0957;18314.2367;11531.04924;32464;34642.19293;68.4;0.73801301
mars-02;49709.93;47438;43302.23;41393;37405;35568;5897.23;5825;0;0;0;0;6407.7;6045;597;168;7129;39880;14104;13534;8484;40797.36487;14849.4555;13619.46361;33835;34885.77771;64.42;0.87449784
avr-02;46145.2652;44019;42036.7052;40143;37407;35570;4629.7052;4573;0;0;0;0;4108.56;3876;643;163;7190;36349;13083;11082;8714;36771.17991;13429.0642;11117.81297;32473;32982.97872;61.6;0.935575518
mai-02;44594.306;42615;41703.686;39888;35361;33623;6342.686;6265;0;0;0;0;2890.62;2727;679;97;7338;34695;10604;11509;9487;33686.81097;9802.22854;11392.51888;31968;30472.50431;57.8;1.204487035
juin-02;41679.9936;39851;39222.9136;37533;32780;31169;6442.9136;6364;0;0;0;0;2457.08;2318;589;120;6297;33085;9198;11570;9447;33085;9198;11570;30767;30767;55.364;1
juil-02;42382.1748;40465;39741.7148;37974;34703;32997;5038.7148;4977;0;0;0;0;2640.46;2491;600;573;6168;34270;9138;12413;9786;34270;9138;12413;31779;31779;55.79;1
août-02;38873.496;37037;36981.396;35252;32132;30462;4849.396;4790;0;0;0;0;1892.1;1785;538;231;5888;30842;9250;10308;8644;30842;9250;10308;29057;29057;52.98;1
sept-02;41647.8096;39823;38483.7096;36838;33772;32184;4711.7096;4654;0;0;0;0;3164.1;2985;548;279;6551;33003;9454;11718;9306;33003;9454;11718;30018;30018;56.73;1
oct-02;46508.5056;44521;42403.1256;40648;36841;35154;5562.1256;5494;0;0;0;0;4105.38;3873;706;157;6316;37656;12076;12789;9720;37688.88842;12102.68101;12792.52523;33783;33827.74505;61.842;0.994488616
nov-02;50386.6184;48150;44747.4184;42830;38100;36264;6647.4184;6566;0;0;0;0;5639.2;5320;648;58;7545;40015;14839;12496;9007;41537.69964;16098.51546;12619.4147;34695;36403.90077;67.91;0.80440503
déc-02;54555.8776;52298;48411.0576;46501;40895;39077;7516.0576;7424;0;0;0;0;6144.82;5797;650;210;7765;44093;18395;13161;9077;45587.65844;19665.24281;13268.12902;38296;39840.03964;76.62;0.838516765
janv-03;57838.5116;55483;50344.3116;48413;42236;40404;8108.3116;8009;0;0;0;0;7494.2;7070;530;341;6630;48664;22019;13572;8899;47503.06906;21036.42485;13493.21937;41594;40460.10689;80.19;1.116770691
févr-03;52330.95;50202;45267.11;43538;38155;36513;7112.11;7025;0;0;0;0;7063.84;6664;420;531;6222;44091;19077;12901;8240;43235.73457;18359.57149;12838.2905;37427;36569.59214;76.675;1.097691348
mars-03;49956.2728;47799;43854.9128;42043;37657;35921;6197.9128;6122;0;0;0;0;6101.36;5756;598;348;7293;40256;14691;12989;9337;41825.39705;15999.92512;13123.19816;34500;36280.8423;65.853;0.795479493
avr-03;45263.318;43298;41043.458;39317;36189;34522;4854.458;4795;0;0;0;0;4219.86;3981;656;424;5952;37114;12218;12416;9482;37955.32862;12907.86289;12499.50477;33133;34230.6786;68.022;0.866387082
mai-03;42462.292;40650;39775.192;38115;34126;32535;5649.192;5580;0;0;0;0;2687.1;2535;681;327;6394;33902;10708;11131;9514;34293.99647;11029.78278;11171.74053;31367;31925.84254;56.073;0.927065023
juin-03;40726.7556;38859;37987.7156;36275;32704;31056;5283.7156;5219;0;0;0;0;2739.04;2584;493;878;5953;33291;8942;12483;9256;33291;8942;12483;30707;30707;57.45;1
juil-03;42004.506;40115;38778.926;37072;34866;33207;3912.926;3865;0;0;0;0;3225.58;3043;551;635;5606;34593;9485;12679;9539;34593;9485;12679;31550;31550;57.723;1
août-03;38741.2544;36850;35421.3344;33718;31720;30062;3701.3344;3656;0;0;0;0;3319.92;3132;576;477;4961;31790;8886;11737;8332;31790;8886;11737;28658;28658;53.63;1
sept-03;40117.6788;38300;36483.9988;34872;33055;31485;3428.9988;3387;0;0;0;0;3633.68;3428;624;828;5232;33272;9677;11680;9311;33272;9677;11680;29844;29844;55.319;1
oct-03;46639.8216;44609;41945.0816;40180;37203;35496;4742.0816;4684;0;0;0;0;4694.74;4429;648;695;4588;40068;13878;13027;9779;36797.34374;11252.71097;12657.8607;35639;31262.78302;70.68;1.583257012
nov-03;50750.166;48560;43958.746;42153;39489;37738;4469.746;4415;0;0;0;0;6791.42;6407;793;330;6621;41476;15376;13151;9039;42408.92817;16142.46082;13229.51891;35069;36097.36423;72.145;0.881297401
déc-03;55510.108;53193;49191.448;47232;43603;41712;5588.448;5520;0;0;0;0;6318.66;5961;731;362;6723;46101;20581;13038;8260;46247.88262;20704.68765;13047.74323;40140;40284.39287;77.546;0.98506526
janv-04;57706.0712;55232;50727.0312;48648;43703;41710;7024.0312;6938;0;0;0;0;6979.04;6584;744;446;6490;48444;21272;13807;8896;48770.68407;21546.52285;13829.02434;41860;42182.46644;78.765;0.968147662
févr-04;50848.2276;48693;44135.2476;42360;37910;36211;6225.2476;6149;0;0;0;0;6712.98;6333;555;522;4844;43816;18479;13074;8382;43792.83951;18459.60756;13072.28339;37483;37459.38859;76.384;1.002626334
mars-04;52132.8256;49810;44413.9056;42528;37890;36084;6523.9056;6444;0;0;0;0;7718.92;7282;602;724;4836;45096;18084;14033;9100;43984.87923;17162.05675;13939.3972;37814;36633.24052;76.68;1.134299644
avr-04;45591.5572;43572;41030.3772;39269;35611;33916;5419.3772;5353;0;0;0;0;4561.18;4303;585;423;5039;38371;13617;12360;9338;38402.33686;13642.90658;12362.9345;34068;34106.85941;66.535;0.995252738
mai-04;43521.8688;41526;40200.8888;38393;33760;32031;6440.8888;6362;0;0;0;0;3320.98;3133;650;253;5623;35506;11139;11891;9801;34035.96604;9954.062233;11716.65526;32373;30214.91838;61.769;1.297601557
juin-04;41611.4656;39680;38280.9456;36538;32162;30494;6118.9456;6044;0;0;0;0;3330.52;3142;496;477;5556;34105;9481;12368;9671;34105;9481;12368;30963;30963;57.24;1
juil-04;41898.4264;39938;39045.9664;37247;34150;32411;4895.9664;4836;0;0;0;0;2852.46;2691;592;713;5289;34770;9942;12374;9909;34770;9942;12374;32079;32079;56.53;1
août-04;39533.1024;37660;36493.0224;34792;32164;30516;4329.0224;4276;0;0;0;0;3040.08;2868;453;445;5728;31924;9652;10921;8886;31924;9652;10921;29056;29056;54.53;1
sept-04;42164.2212;40257;38777.5212;37062;34816;33149;3961.5212;3913;0;0;0;0;3386.7;3195;558;395;5562;34532;9993;12182;9711;34532;9993;12182;31337;31337;57.529;1
oct-04;47551.4384;45537;43725.8984;41928;39407;37662;4318.8984;4266;0;0;0;0;3825.54;3609;779;323;6522;38559;12687;12541;9960;39471.33383;13432.01698;12628.55655;34950;36153.15732;64.119;0.86133561
nov-04;52247.028;50038;45554.188;43724;41130;39354;4424.188;4370;0;0;0;0;6692.84;6314;701;513;6148;43702;16952;13260;9506;43174.00365;16515.77244;13216.36487;37388;36804.73072;76.73;1.066031964
déc-04;57812.6896;55354;50390.5696;48352;45527;43548;4863.5696;4804;0;0;0;0;7422.12;7002;609;449;5974;49220;21528;13962;9113;48261.61767;20726.66732;13894.84981;42218;41260.86551;81.4;1.096654792
janv-05;57106.9612;54674;49491.9212;47490;44416;42475;4973.9212;4913;102;102;0;0;7615.04;7184;573;730;5595;49236;21210;14443;8865;49551.75967;21473.32883;14465.17342;42052;42363.70533;84.7;0.969342337
févr-05;51869.3472;49635;43503.8272;41743;38128;36432;5292.8272;5228;83;83;0;0;8365.52;7892;455;1202;4086;46296;20169;13535;8080;44785.11666;18916.4726;13423.89448;38404;36936.57813;86;1.165533953
mars-05;52166.738;49795;43679.318;41788;38607;36777;5006.318;4945;66;66;0;0;8487.42;8007;626;1068;4874;45363;18216;13961;8946;44803.75644;17754.26622;13915.76174;37356;36782.04734;83;1.0650173
avr-05;45647.1604;43604;41058.4204;39275;34996;33286;5994.4204;5921;68;68;0;0;4588.74;4329;546;530;5019;38569;13478;12555;9396;38868.99976;13725.24201;12583.33401;34240;34614.11641;64.76;0.95496582
mai-05;44527.3152;42507;41352.6152;39512;35110;33345;6173.6152;6098;69;69;0;0;3174.7;2995;532;201;6899;35277;10972;12035;9553;34959.29708;10714.77332;11998.99293;32282;31823.61148;57.9;1.060016826
juin-05;43026.006;41065;39579.946;37814;34554;32849;4975.946;4915;50;50;0;0;3446.06;3251;533;409;6305;34636;9859;12656;9298;34636;9859;12656;31385;31385;59.917;1
juil-05;42092.4016;40033;38150.2616;36314;33894;32109;4185.2616;4134;71;71;0;0;3942.14;3719;482;667;5268;34950;9954;12563;9409;34950;9954;12563;31231;31231;57.718;1
août-05;41236.024;39259;38698.384;36865;34921;33133;3705.384;3660;72;72;0;0;2537.64;2394;448;242;7050;32003;9671;11217;8405;32003;9671;11217;29609;29609;56.8;1
sept-05;42763.3016;40795;39057.5416;37299;35121;33410;3881.5416;3834;55;55;0;0;3705.76;3496;492;359;6092;34570;10066;12359;9348;34570;10066;12359;31074;31074;56.99;1
oct-05;45754.544;43627;41399.004;39518;37550;35715;3756.004;3710;93;93;0;0;4355.54;4109;712;278;6169;37024;11846;12433;9543;41364.09554;15438.28702;12805.45777;32915;38256.00214;61.42;0.418282771
nov-05;51757.0924;49440;44242.7524;42351;40239;38395;3898.7524;3851;105;105;0;0;7514.34;7089;603;471;5907;43401;17123;13433;9225;42318.76293;16223.48868;13340.54171;36312;35142.90112;80.38;1.138612498
déc-05;57390.1576;54892;48447.9976;46456;43992;42053;4326.9976;4274;129;129;0;0;8942.16;8436;638;1057;4340;50971;23069;14741;8703;49186.90156;21568.06506;14613.87642;42535;40830.16231;82.37;1.17397654
janv-06;58702.77411;56145.251;49165.95411;47148.251;44734;42769;4302.954112;4250.251;129;129;0;0;9536.82;8997;731;1167;3974;52607.251;23385;15303;8700;51289.45146;22291.22899;15209.71251;43610.251;42363.06557;86.28;1.122668317
févr-06;50508.38402;48302.953;41564.10402;39864.953;36761;35119;4666.104017;4608.953;137;137;0;0;8944.28;8438;652;1824;2779;46695.953;20509;13815;7809;45461.33439;19485.16875;13724.85493;38257.953;37088.67761;83.239;1.131360327
mars-06;52687.58278;50347.45;43996.64278;42148.45;37090;35324;6710.64278;6628.45;196;196;0;0;8690.94;8199;718;1427;4017;47039.45;19417;14571;8699;45771.56328;18369.54952;14467.87835;38840.45;37555.57563;76.668;1.142552554
avr-06;47180.04823;45173.986;44983.72823;43101.986;37675;35881;7163.728226;7075.986;145;145;0;0;2196.32;2072;598;110;7358;37327.986;13557;12351;8329;37464.18722;13669.23365;12363.68928;35255.986;35430.53116;68.581;0.97947331
mai-06;44566.87007;42622.893;42774.41007;40931.893;35708;33950;6900.410073;6815.893;166;166;0;0;1792.46;1691;707;71;7309;34677.893;11297;12028;8634;35364.35776;11858.07979;12099.56324;32986.893;33950.74607;58.252;0.881709391
juin-06;42292.40584;40362.197;39862.88584;38070.197;34564;32835;5199.885843;5136.197;99;99;0;0;2429.52;2292;541;233;6178;33876.197;10173;12656;8478;33876.197;10173;12656;31584.197;31584.197;57.442;1
juil-06;42422.49425;40392.536;39255.21425;37404.536;34697;32901;4464.214246;4409.536;94;94;0;0;3167.28;2988;555;623;5589;34871.536;10475;13224;8419;34871.536;10475;13224;31883.536;31883.536;58.754;1
août-06;40960.84299;38982.338;38734.84299;36882.338;34502;32699;4041.842991;3992.338;191;191;0;0;2226;2100;522;122;7233;31349.338;9992;11309;7613;31349.338;9992;11309;29249.338;29249.338;55.173;1
sept-06;43190.464;41224.452;40112.224;38320.452;35570;33832;4390.224005;4336.452;152;152;0;0;3078.24;2904;578;229;7210;33665.452;10308;12365;8405;33665.452;10308;12365;30761.452;30761.452;56.75;1
oct-06;46153.69179;44102.773;42841.19179;40977.773;37508;35707;5096.191785;5033.773;237;237;0;0;3312.5;3125;609;227;7546;36174.773;12050;12620;8637;40476.84492;15638.36272;12992.66032;33049.773;38326.37093;59.855;0.426352556
nov-06;50698.11131;48436.3312;43599.29131;41739.3312;39058;37250;4242.291307;4190.3312;299;299;0;0;7098.82;6697;590;414;6914;41346.3312;15952;13281;8367;43094.78622;17402.22609;13420.80395;34649.3312;36473.03392;72.956;0.791660837
déc-06;55633.69411;53233.541;47880.85411;45919.541;42306;40409;5250.854108;5186.541;324;324;0;0;7752.84;7314;656;1126;5067;48636.541;21608;13925;8395;48845.45729;21782.71566;13938.97528;41322.541;41522.36754;80.665;0.979947902
janv-07;56033.22128;53618.21383;48701.20128;46701.21383;42805;40872;5469.201283;5402.213831;427;427;0;0;7332.02;6917;786;841;5678;47995.21383;20217;14663;8560;50235.10609;22087.43066;14819.87399;41078.21383;43277.11636;86.255;0.788292413
févr-07;50448.48438;48328.11575;43855.28438;42108.11575;37847;36169;5647.284382;5578.115747;361;361;0;0;6593.2;6220;662;534;5672;42528.11575;17412;13154;7872;44933.54479;19414.29384;13325.79453;36308.11575;38703.10324;77.801;0.742162418
mars-07;52994.19266;50707.55261;45825.41266;43944.55261;38534;36738;6928.412658;6843.552606;363;363;0;0;7168.78;6763;569;552;6157;44533.55261;17717;13929;8693;44427.57676;17629.62936;13920.37651;37770.55261;37658.57339;74.593;1.012389744
avr-07;42961.74643;40962.15136;39080.02643;37300.15136;33434;31721;5460.026434;5393.151357;186;186;0;0;3881.72;3662;683;675;5318;35636.15136;12241;12215;8330;39579.81924;15536.55983;12547.6966;31974.15136;36636.92834;67.813;0.469708889
mai-07;43276.07181;41311.79199;40072.75181;38289.79199;33510;31803;6201.751806;6125.791985;361;361;0;0;3203.32;3022;712;393;6051;34941.79199;11375;12066;8796;36401.40848;12575.86737;12211.76238;31919.79199;33859.74888;58.199;0.761275438
juin-07;42918.59639;41027.33662;40107.47639;38375.33662;32507;30865;7359.476394;7269.33662;241;241;0;0;2811.12;2652;489;227;6979;33786.33662;10290;12457;8441;33786.33662;10290;12457;31134.33662;31134.33662;57.445;1
juil-07;43136.6057;41164.69153;40102.8857;38302.69153;33544;31820;6220.885704;6144.691529;338;338;0;0;3033.72;2862;493;621;6360;34932.69153;10480;12858;8918;34932.69153;10480;12858;32070.69153;32070.69153;57.989;1
août-07;42258.66499;40285.88443;39783.56499;37950.88443;34381;32611;5117.564995;5054.884428;285;285;0;0;2475.1;2335;415;422;7489;32803.88443;10272;11625;8372;32803.88443;10272;11625;30468.88443;30468.88443;56.804;1
sept-07;42699.12086;40714.92143;39343.16086;37548.92143;35046;33301;4020.160856;3970.92143;277;277;0;0;3355.96;3166;525;541;5846;34884.92143;10781;12529;8910;34884.92143;10781;12529;31718.92143;31718.92143;60.748;1
oct-07;47477.49512;45369.82015;42932.21512;41081.82015;38698;36896;3951.215122;3902.820152;283;283;0;0;4545.28;4288;769;929;4876;40653.82015;14308;13682;9415;38905.24622;12885.40895;13495.75312;36365.82015;34106.53662;72.396;1.27600813
nov-07;49911.28033;47551.36184;41456.72033;39575.36184;37646;35806;3376.720327;3335.36184;434;434;0;0;8454.56;7976;832;2173;2810;46082.36184;18587;14454;8756;44856.02792;17577.70931;14350.99789;38106.36184;36837.27106;80.34;1.143546959
déc-07;56148.32359;53712.14144;47140.44359;45214.14144;41878;40009;4678.44359;4621.141436;584;584;0;0;9007.88;8498;791;1809;3517;51213.14144;23222;14513;8346;50308.85393;22468.88482;14452.44761;42715.14144;41873.03768;88.96;1.083795345
janv-08;57526.41721;55059.35836;49612.45721;47593.35836;42867;40923;6131.457207;6056.358363;614;614;0;0;7913.96;7466;806;798;5137;49914.35836;21522;15040;8527;51687.7447;23002.00375;15161.94446;42448.35836;44152.90006;82.876;0.839144041
févr-08;52580.07166;50326.85822;45636.01166;43775.85822;40705;38900;4503.011658;4447.858216;428;428;0;0;6944.06;6551;687;520;4864;45295.85822;19227;13806;7994;46618.88214;20330.98713;13900.34987;38744.85822;40049.69443;79.351;0.864248214
mars-08;52748.08443;50441.39474;45394.86443;43504.39474;39026;37205;5671.864433;5602.394738;697;697;0;0;7353.22;6937;732;915;3989;46635.39474;19472;14152;8748;45922.14488;18879.27669;14096.67856;39698.39474;38964.41169;75.599;1.078488615
avr-08;47846.47929;45817.3142;43560.89929;41774.3142;35994;34295;7150.899292;7063.314196;416;416;0;0;4285.58;4043;564;594;4391;41456.3142;15296;13548;9358;40758.72285;14719.20807;13481.9614;37413.3142;36553.86678;73.259;1.097965857
mai-08;43592.49175;41689.16846;41291.23175;39518.16846;33656;31973;7353.231753;7263.168464;282;282;0;0;2301.26;2171;435;314;6131;35437.16846;11422;11985;9322;39367.96428;14708.07111;12329.32663;33266.16846;38415.88508;58.853;0.441451043
juin-08;42172.80445;40242.49946;38934.50445;37187.49946;30160;28517;8491.504454;8387.499461;283;283;0;0;3238.3;3055;294;446;5625;34769.49946;10520;12507;9143;34769.49946;10520;12507;31714.49946;31714.49946;58.842;1
juil-08;43017.91464;41010.16812;40054.15464;38214.16812;33600.18764;31835;6106.967001;6032.168116;347;347;0;0;2963.76;2796;266;642;5424;35962.16812;10642;13236;9334;35962.16812;10642;13236;33166.16812;33166.16812;60.05;1
août-08;40665.54532;38716.29171;38541.30532;36712.29171;33806;32030;4328.305322;4275.291705;407;407;0;0;2124.24;2004;266;876;6060;33266.29171;10429;11489;8454;33266.29171;10429;11489;31262.29171;31262.29171;57.308;1
sept-08;41740.03523;39848.6638;38213.41523;36521.6638;32871;31239;4878.415231;4818.6638;464;464;0;0;3526.62;3327;496;878;4567;35663.6638;11174;12758;9060;35663.6638;11174;12758;32336.6638;32336.6638;61.166;1
oct-08;44706.81431;42686.08169;39934.69431;38184.08169;35654;33950;3805.694307;3759.081694;475;475;0;0;4772.12;4502;639;1577;3057;40567.08169;14734;13568;8942;38819.11896;13308.48655;13388.73634;36065.08169;33887.22214;75.21;1.267782787
nov-08;50557.81797;48354.12759;43633.89797;41822.12759;37872;36123;5124.897971;5062.127589;637;637;0;0;6923.92;6532;597;940;4368;44329.12759;18973;13474;7742;44106.40045;18787.66838;13457.40612;37797.12759;37574.73322;82.552;1.024661338
déc-08;57667.69986;55179.26339;49592.61986;47561.26339;43270;41308;5662.619857;5593.263391;660;660;0;0;8075.08;7618;697;1395;4263;51614.26339;24651;14606;7201;50181.52934;23453.98563;14513.4104;43996.26339;42689.03843;84.426;1.127591786
janv-09;60723.16667;58182.78414;51853.08667;49814.78414;45056;43093;6148.086667;6072.784144;649;649;0;0;8870.08;8368;743;1569;4287;54721.78414;26096;15550;7676;52347.53256;24114.1569;15391.87565;46353.78414;44175.42648;92.4;1.205464689
févr-09;52679.91333;50507.22415;45020.35333;43281.22415;38719;37051;5807.353334;5736.224154;494;494;0;0;7659.56;7226;706;982;4310;46473.22415;21415;13568;7040;46028.85866;21043.09465;13538.0918;39247.22415;38835.40935;84.544;1.044183775
mars-09;51819.21541;49547.60155;44782.93541;42909.60155;37728;35932;6313.93541;6236.601551;741;741;0;0;7036.28;6638;663;827;5276;44435.60155;19204;13468;7805;43929.11378;18780.49039;13430.14293;37797.60155;37293.01567;76.467;1.056376271
avr-09;42557.46535;40662.2704;39719.84535;37985.2704;32514;30862;6741.845353;6659.2704;464;464;0;0;2837.62;2677;656;1033;3816;37223.2704;14153;12247;8089;38956.15923;15613.68728;12391.91057;34546.2704;36600.70576;66.824;0.766120703
mai-09;41459.47076;39577.08175;39302.37076;37542.08175;31555;29883;7208.370762;7120.081748;539;539;0;0;2157.1;2035;574;693;5233;34463.08175;11955;11593;8365;36013.64333;13247.67991;11736.14849;32428.08175;34444.70561;58.487;0.756055415
juin-09;37886.784;36161.0893;35488.004;33898.0893;28640;27129;6443.004003;6364.089296;405;405;0;0;2398.78;2263;478;1510;3460;33733.0893;10659;12228;8448;33733.0893;10659;12228;31470.0893;31470.0893;60.328;1
juil-09;38843.8099;37017.49417;36008.3099;34342.49417;30505;28900;4965.309896;4904.494168;538;538;0;0;2835.5;2675;514;2025;3383;35145.49417;10853;12905;8655;35145.49417;10853;12905;32470.49417;32470.49417;60.898;1
août-09;37070.48606;35276.39496;34065.38606;32441.39496;29799.085;28223;3911.301059;3863.394961;355;355;0;0;3005.1;2835;398;1372;3446;32804.39496;10744;11557;7738;32804.39496;10744;11557;29969.39496;29969.39496;56.66;1
sept-09;37885.75767;36009.65278;33825.95767;32179.65278;30289.63;28680;2994.327674;2957.65278;542;542;0;0;4059.8;3830;365;1603;2865;34382.65278;10846;12373;8506;34382.65278;10846;12373;30552.65278;30552.65278;58.1;1
oct-09;41453.17052;39462.60976;36306.87052;34607.60976;32593.52;30932;3081.350518;3043.609757;632;632;0;0;5146.3;4855;514;2606;2178;39376.60976;14321;12960;8958;38786.20367;13834.37307;12903.26562;34521.60976;33808.08592;68.92;1.087938016
nov-09;45678.49989;43592.17492;38165.21989;36504.17492;33075.58;31461;3793.639892;3747.174923;1296;1296;0;0;7513.28;7088;622;1918;3026;41862.17492;17155;13202;7839;44230.26839;19142.13827;13375.56404;34774.17492;37083.97941;76.52;0.740475928
déc-09;54551.52398;52193.92807;45918.88398;44049.92807;39656.77;37853;5322.113981;5256.928073;940;940;0;0;8632.64;8144;579;2376;3173;50817.92807;23879;15230;7352;50164.99408;23326.9655;15185.08048;42673.92807;42076.48209;89.4;1.059162699
janv-10;59175.74068;56526.53326;49367.56068;47273.53326;42329;40313;6370.560676;6292.533264;668;668;0;0;9808.18;9253;615;3042;2664;56289.53326;26958;15736;7852;53290.28586;24462.88296;15537.89948;47036.53326;44324.00937;91.92;1.254990085
févr-10;52495.72996;50301.18863;44859.48996;43097.18863;38008.007;36318;5902.482965;5830.188626;949;949;0;0;7636.24;7204;555;2199;3294;48651.18863;22496;14088;7315;47973.29689;21929.65622;14042.66768;41447.18863;40814.75242;93.08;1.064563686
mars-10;53422.55131;51124.23461;45198.01131;43365.23461;37739.497;35984;6309.514314;6232.234605;1149;1149;0;0;8224.54;7759;677;2129;4275;48301.23461;20735;14638;8562;47401.16978;19984.6745;14569.62286;40542.23461;39649.05919;86.5;1.093862612
avr-10;43394.5102;41507.69617;39424.8102;37762.69617;32884.669;31294;5833.141198;5761.696166;707;707;0;0;3969.7;3745;605;1312;3902;38312.69617;14613;12615;8219;39067.73001;15245.77021;12680.78895;34567.69617;35450.51263;71.144;0.896238399
mai-10;41402.45737;39703.16216;38102.67737;36590.16216;30804;29372;6573.67737;6493.162159;725;725;0;0;3299.78;3113;422;1377;3516;37142.16216;13305;12531;8570;34132.93308;10860.38609;12188.06655;34029.16216;29980.14192;67.09;1.562736417
juin-10;41860.09521;40063.04624;39097.73521;37457.04624;31124.97;29575;7406.765208;7316.046235;566;566;0;0;2762.36;2606;381;544;5831;34395.04624;10804;12588;8536;34395.04624;10804;12588;31789.04624;31789.04624;59.16;1
juil-10;42887.36265;40945.52198;39411.62265;37666.52198;33421.601;31744;5511.021647;5443.521975;479;479;0;0;3475.74;3279;480;781;5413;35833.52198;11107;13273;8781;35833.52198;11107;13273;32554.52198;32554.52198;60.22;1
août-10;41242.34274;39330.9877;39202.90274;37406.9877;34133;32391;4401.902742;4347.987695;668;668;0;0;2039.44;1924;520;481;6388;32903.9877;10867;11656;8027;32903.9877;10867;11656;30979.9877;30979.9877;57.1;1
sept-10;40879.19686;39015.3839;37437.37686;35768.3839;33281.807;31657;3607.569861;3563.383901;548;548;0;0;3441.82;3247;520;982;4592;34885.3839;11288;12518;8545;34885.3839;11288;12518;31638.3839;31638.3839;60.7;1
oct-10;43781.94136;41768.5691;38639.88136;36917.5691;33557.73;31885;4048.151357;3998.5691;1034;1034;0;0;5142.06;4851;612;2680;3249;40587.5691;15488;13215;8753;38712.10935;13938.37594;13033.86704;35736.5691;33501.7956;74.36;1.277942006
nov-10;51701.51906;49431.35229;43692.15906;41875.35229;37204.21;35455;5518.949059;5451.352291;969;969;0;0;8009.36;7556;629;1726;4047;46481.35229;19376;14107;8744;45893.69686;18887.58396;14061.54762;38925.35229;38330.63472;92.1;1.064647765
déc-10;61461.07979;58889.11497;51842.63979;49815.11497;43830.021;41889;7062.618795;6976.114969;950;950;0;0;9618.44;9074;580;2184;3014;57479.11497;26768;16150;8671;53927.72292;23826.01524;15904.51807;48405.11497;45066.30139;96.71;1.308694586
janv-11;60774.75248;58290.15792;53151.23248;51098.15792;45832;43853;6047.82875;5973.754198;1229;1229;42.40372538;42.40372538;7623.52;7192;626;1266;5016;53914.15792;24802.42;15599.9;7898;53860.22609;24757.63078;15596.37306;46722.15792;46671.49767;91.718;1.004522769
févr-11;52596.37599;50410.21909;45096.87599;43335.21909;40039.205;38328;4119.15374;4068.701837;871;871;67.5172506;67.5172506;7499.5;7075;513;854;4775;45976.21909;20413.62;13621.7;7218;47158.72469;21396.02133;13700.33158;38901.21909;40003.27263;91.61;0.885212148
mars-11;53049.48671;50779.42811;45197.00671;43371.42811;39458.158;37688;4524.824338;4469.403732;1094;1094;120.0243749;120.0243749;7852.48;7408;564;871;5526;45560.42811;19038.77;14276.7;7807;46313.20632;19661.47643;14333.44503;38152.42811;38891.47655;79.7;0.920821506
avr-11;42808.58648;40865.48174;39522.58648;37765.48174;34556.526;32850;4129.509525;4078.930783;668;668;168.5509544;168.5509544;3286;3100;544;548;5663;35206.48174;12414.25;12346.3;7543;39180.96348;15727.13644;12680.18152;32106.48174;36751.44844;62;0.47338054
mai-11;42962.45711;40948.64422;39243.97711;37440.64422;34830.697;33070;3481.013426;3438.377544;727;727;205.2666797;205.2666797;3718.48;3508;633;499;5839;34975.64422;11515.47;12758.7;7831;37863.22632;13887.7002;13037.06612;31467.64422;35061.01686;56;0.572962015
juin-11;42132.39749;40245.59376;39741.03749;37989.59376;34286.786;32589;4380.893908;4327.236179;853;853;220.3575849;220.3575849;2391.36;2256;560;302;6356;33631.59376;10837.9;12493.7;7576;33631.59376;10837.9;12493.7;31375.59376;31375.59376;58.874;1
juil-11;42730.94559;40809.98791;40557.94559;38759.98791;35232.78;33487;4260.055106;4207.877426;809;809;256.1104821;256.1104821;2173;2050;561;289;6461;34076.98791;10834.7;12647.9;7608;34076.98791;10834.7;12647.9;32026.98791;32026.98791;57.19;1
août-11;40234.46112;38348.64541;37921.54112;36166.64541;33091;31384;3910.453157;3862.557445;664;664;256.087963;256.087963;2312.92;2182;539;334;5680;32463.64541;10803.4;11873.1;6864;32463.64541;10803.4;11873.1;30281.64541;30281.64541;56.017;1
sept-11;40622.53644;38790.03245;37373.63644;35725.03245;33085.95;31477;3237.556217;3197.902229;821;821;229.1302198;229.1302198;3248.9;3065;493;487;4752;34032.03245;10966.9;12784.5;7423;34032.03245;10966.9;12784.5;30967.03245;30967.03245;56.345;1
oct-11;44110.1479;42140.91927;38959.6079;37281.91927;34461.51;32824;3280.390457;3240.21183;1035;1035;182.7074431;182.7074431;5150.54;4859;634;841;4664;37683.91927;13910.3;12905.8;7557;38540.72427;14613.70806;12983.92009;32824.91927;33801.09715;67.97;0.879666396
nov-11;48495.7401;46277.70424;40387.8001;38628.70424;35415.62;33705;3957.81986;3909.343994;909;909;105.3602415;105.3602415;8107.94;7649;585;1262;5121;41833.70424;16814.5;13503.2;7292;43956.77177;18562.36959;13664.02901;34184.70424;36231.69316;75.07;0.764595034
déc-11;56141.83768;53726.29994;49564.53768;47521.29994;41791.86;39819;5746.002289;5675.624545;1944;1944;82.67539217;82.67539217;6577.3;6205;669;943;5770;48230.29994;21490.5;14545.2;7151;50134.72897;23070.20613;14670.77054;42025.29994;43825.8553;82.46;0.828815343
janv-12;59655.0807;57249.40267;53230.26806;51188.25867;44768.87;42810.54;6832.017077;6748.33769;1520.710382;1520.710382;108.6706;108.6706;6424.81264;6061.144;559.4;720.89;6218.42;51192.47267;23139.54;15142.65558;7493.08;52444.03476;24177.00015;15224.31698;45131.32867;46324.01561;89.79;0.892722407
févr-12;56793.56937;54393.92777;46953.22155;45110.58077;40439.44;38661.1;5249.847739;5185.546957;1083.569283;1083.569283;180.364531;180.364531;9840.34782;9283.347;409.33;3166.41;2618.47;54532.53777;25974.45;15286.85602;7331.449;50517.44126;22670.21351;15013.32758;45249.19077;41610.31086;102.1;1.364380831
mars-12;50873.10151;48672.58875;44582.82513;42738.36575;39344.1;37548.64;4000.562371;3951.56299;938.601817;938.601817;299.560943;299.560943;6290.27638;5934.223;454.6;436.15;5456.33;43197.80875;17630.26;13899.44788;7408.837;45108.67307;19208.48146;14043.6813;37263.58575;39195.84873;76.84;0.794593152
avr-12;45992.48042;44071.63304;42031.72576;40335.07204;34729.37;33099.71;5469.712866;5402.719149;1502.640651;1502.640651;330.002239;330.002239;3960.75466;3736.561;519.89;939.38;4487.06;40004.06304;15975.65;13211.20188;7327.108;38881.80414;15051.87995;13110.62307;36267.50204;34979.4387;70.02;1.153431009
mai-12;42093.51586;40296.53405;39832.75104;38163.73705;30631.03;29058.12;7846.426202;7750.322207;932.895462;932.895462;422.399379;422.399379;2260.76482;2132.797;586.35;612.9;5100.73;35222.35405;12556.16;12391.69104;7226.734;35705.21597;12949.95778;12438.97343;33089.55705;33704.5133;59.86;0.923977015
juin-12;39119.3578;37400.15215;36413.11314;34847.09115;28043.09;26562.38;6965.311409;6879.999416;951.156712;951.156712;453.555022;453.555022;2706.24466;2553.061;629.24;632.94;4331.58;33072.27215;11020.25;12537.88224;6805.758;33072.27215;11020.25;12537.88224;30519.21115;30519.21115;57.44;1
juil-12;39579.24362;37783.75325;36767.94978;35131.58925;30392.7;28817.59;5000.808742;4939.55822;875.104881;875.104881;499.336153;499.336153;2811.29384;2652.164;526.73;947.45;4217.27;33987.20325;11142.44;13011.68584;7051.603;33987.20325;11142.44;13011.68584;31335.03925;31335.03925;56.76;1
août-12;38024.7877;36150.46501;34913.67286;33215.45101;29967.64;28313.71;3616.214977;3571.92313;861.563898;861.563898;468.253982;468.253982;3111.11484;2935.014;486.49;956.49;4578.81;32041.65501;11060.65;12151.21268;6178.004;32041.65501;11060.65;12151.21268;29106.64101;29106.64101;55.31;1
sept-12;39686.18876;37836.85353;36685.17506;35005.70853;31764.68;30130.08;3663.13479;3618.268264;883.509545;883.509545;373.850723;373.850723;3001.0137;2831.145;615.22;610.63;4712.5;33119.76353;11296;12342.35691;6712.969;33119.76353;11296;12342.35691;30288.61853;30288.61853;58.35;1
oct-12;44652.15167;42640.48724;40637.75783;38853.32324;34577.09;32847.57;4483.510964;4428.596369;1308.341838;1308.341838;268.81503;268.81503;4014.39384;3787.164;673.38;796.3;4467.21;38296.19724;14659.95;13359.29725;7041.845;38280.97949;14647.44347;13357.87157;34509.03324;34491.36323;72.01;1.002134593
nov-12;51338.52636;49088.1468;45202.2648;43299.2208;38963.11;37119.23;4830.454504;4771.290502;1248.979934;1248.979934;159.720361;159.720361;6136.26156;5788.926;556.88;663.68;5075.92;44119.0268;19195.17;13826.4441;6870.782;44403.07726;19431.00027;13847.45208;38330.1008;38611.27129;80.55;0.969657986
déc-12;56866.68;54561.15364;50578.00528;48628.44164;41781.95;39911.77;6481.290019;6401.90638;2192.879475;2192.879475;121.885786;121.885786;6288.67472;5932.712;678.96;710.88;5177.83;49415.24364;23126.17;14134.87335;6624.707;50473.38685;24001.19804;14199.58383;43482.53164;44454.96666;90.67;0.908855795
janv-13;60165.75165;57742.76699;52609.06677;50613.81899;44317.34;42406.47;6889.037264;6804.659486;1263.585516;1263.585516;139.103988;139.103988;7556.68488;7128.948;571.76;961.74;4527.62;53605.12699;25491.99;15617.92112;7019.925;52860.5981;24872.01939;15569.40989;46476.17899;45791.3304;92.6;1.062316071
févr-13;54400.96095;52235.65336;46878.47167;45138.96536;38403.97;36748.6;6869.32323;6785.186912;1388.900831;1388.900831;216.277613;216.277613;7522.48928;7096.688;483.8;1545.73;3738.43;49559.15336;23642.54;14385.71001;6569.435;47752.4492;22137.89793;14264.52078;42462.46536;40798.69147;87.96;1.169916999
mars-13;54125.56839;51896.32575;46610.35601;44806.50275;38506.35;36781.77;6472.27766;6393.004405;1294.107275;1294.107275;337.621074;337.621074;7515.21238;7089.823;594.9;1572.52;3377.06;49496.88575;22651.12;14852.18191;7148.573;46953.12508;20544.32982;14664.20785;42407.06275;39949.03464;84.86;1.256371247
avr-13;45751.46402;43882.6161;42151.04788;40485.9971;33055.47;31479.17;7246.071506;7157.320729;1429.820698;1429.820698;419.685676;419.685676;3600.41614;3396.619;575.92;1061.29;4352.87;40015.1161;16588.91;13254.1486;6783.553;39246.60761;15951.36763;13188.26025;36618.4971;35760.92408;75.75;1.099919703
mai-13;44935.80306;43133.43454;42932.00556;41243.05954;32753.09;31169.2;8577.316294;8472.260267;1112.431889;1112.431889;489.167379;489.167379;2003.7975;1890.375;657.47;474.39;6321.41;36628.94454;14019.19;12741.61263;6733.341;32506.99544;10721.71168;12269.90905;34738.56954;29326.8583;63.15;1.768878705
juin-13;40850.88885;39123.02505;39187.19129;37553.49905;30161.8;28618.45;7376.006459;7285.664223;1112.218168;1112.218168;537.16666;537.16666;1663.69756;1569.526;581.21;284.59;6034.13;32792.27505;11276.61;12262.27139;6556.992;32792.27505;11276.61;12262.27139;31222.74905;31222.74905;56.48;1
juil-13;42495.98285;40600.3309;40201.00441;38435.2569;32379.82;30692.52;6404.859068;6326.411565;829.512959;829.512959;586.81238;586.81238;2294.97844;2165.074;540.81;303.24;5891.23;34471.5309;11175.33;13650.36644;6848.04;34471.5309;11175.33;13650.36644;32306.4569;32306.4569;57.32;1
août-13;39999.4806;38223.2046;37262.16204;35640.8286;31468.79;29903.14;4546.283401;4490.599961;705.450007;705.450007;541.638628;541.638628;2737.31856;2582.376;592.65;375.19;6630.75;31374.9946;10786.57;11976.26444;5999.668;31374.9946;10786.57;11976.26444;28792.6186;28792.6186;54.58;1
sept-13;40181.8457;38406.43054;36717.74344;35138.40954;31284;29754.98;4107.886073;4057.572178;899.654138;899.654138;426.203226;426.203226;3464.10226;3268.021;503.61;400.47;5304.49;32998.80054;11229.89;12465.64295;6622.957;32998.80054;11229.89;12465.64295;29730.77954;29730.77954;56.53;1
oct-13;43339.06823;41430.12779;39391.77981;37706.27079;32717.95;31091.53;4824.332343;4765.243326;1543.38787;1543.38787;306.109596;306.109596;3947.28842;3723.857;588.35;733.96;4836.33;36739.40779;13498.64;13315.49509;6934.377;39214.80983;15549.3332;13538.68545;33015.55079;35852.55715;63.64;0.670292421
nov-13;50648.96355;48520.96704;44546.82657;42764.23404;36336;34630.82;6320.358431;6242.945902;1714.190421;1714.190421;176.277718;176.277718;6102.13698;5756.733;694.81;1513.97;4104.77;45235.35704;19993.27;13891.99122;6871.548;44487.29868;19374.51112;13836.75361;39478.62404;38736.3561;84.9;1.07984187
déc-13;55870.11052;53598.85172;50086.57138;48142.68272;42300;40426.05;5710.153167;5640.214507;1916.405655;1916.405655;160.012555;160.012555;5783.53914;5456.169;632.65;1722.77;4517.54;50171.43172;23784.56;14389.40097;6776.25;50698.90098;24224.40386;14422.1339;44715.26272;45207.7667;84.21;0.954607359
janv-14;58289.80308;55988.1143;53985.72078;51927.6593;44669;42697.31;7051.813242;6965.441764;2099.95592;2099.95592;164.951618;164.951618;4304.0823;4060.455;805.31;787.97;6669.89;49300.8843;22651.09;14869.2853;6993.372;51785.96792;24736.50724;15027.64899;45240.4293;47650.75434;82.27;0.789236894
févr-14;51464.80539;49473.17436;47810.03881;46025.28136;38094;36396.34;7111.085232;7023.987783;2356.767398;2356.767398;248.18618;248.18618;3654.76658;3447.893;640.18;1172.22;5491.28;44513.93436;20306.76;13446.00767;6457.386;46716.53843;22154.73542;13587.67997;41066.04136;43229.56549;80.19;0.791469477
mars-14;50363.33423;48328.39877;46282.99355;44479.02077;37515;35797.55;7064.16691;6977.644123;1239.346611;1239.346611;464.480032;464.480032;4080.34068;3849.378;664.37;994.41;5559.38;43099.05877;18523.33;13610.8601;6923.622;44294.23736;19519.08971;13698.2113;39249.68077;40489.0003;76.26;0.872463352
avr-14;42340.02628;40585.04314;40224.9786;38589.71514;32771;31208.05;5904.044245;5831.730783;1006.101351;1006.101351;543.833004;543.833004;2115.04768;1995.328;511.64;655.71;4675.74;36053.37314;13628.51;12604.65632;6753.221;38162.11647;15376.20184;12786.32138;34058.04514;36550.70362;60.88;0.715844677
mai-14;42805.70741;41591.54843;41070.08779;39954.17143;32753;31713.27;6220.247964;6144.0616;1461.57261;1461.57261;635.267218;635.267218;1735.61962;1637.377;713.99;268.93;6710.51;34435.97843;12793.66;12098.3678;6753.574;33920.07054;12371.00447;12046.9199;32798.60143;32139.76806;58.14;1.085412534
juin-14;40891.0603;39106.76739;39326.12506;37630.41339;32628;30994.88;5110.306568;5047.714903;902.312214;902.312214;685.506275;685.506275;1564.93524;1476.354;653.47;285.06;6436.43;32301.92739;10783.87;12453.04771;6496.743;32301.92739;10783.87;12453.04771;30825.57339;30825.57339;56.06;1
juil-14;44432.4348;42491.18931;43001.80156;41141.53531;35178;33394.06;6231.668577;6155.342332;910.814094;910.814094;681.318885;681.318885;1430.63324;1349.654;661.99;174.57;8339.82;33663.94931;10951.88;13081.86491;6853.635;33663.94931;10951.88;13081.86491;32314.29531;32314.29531;57.2;1
août-14;40981.67212;39145.63715;39609.43534;37851.07415;32683;30989.96;5333.158975;5267.837786;933.501708;933.501708;659.774658;659.774658;1372.23678;1294.563;582.11;181.55;7977.9;30767.17715;10780.45;11400.15519;5986.635;30767.17715;10780.45;11400.15519;29472.61415;29472.61415;54.33;1
sept-14;40634.16441;38895.98786;38541.18381;36921.47786;33512;31938.66;3785.555527;3739.189576;678.342058;678.342058;565.286221;565.286221;2092.9806;1974.51;604.13;590.78;5928;32954.63786;10953.65;12628.69352;6709.352;32954.63786;10953.65;12628.69352;30980.12786;30980.12786;55.47;1
oct-14;42871.93128;40992.95231;39888.0758;38177.99431;34467;32803.25;3782.742196;3736.410703;1209.626958;1209.626958;428.706647;428.706647;2983.85548;2814.958;738.89;664.45;4971.4;35947.11231;12906.89;13112.90514;7013.253;39236.3823;15636.95575;13405.46366;33132.15431;37009.00982;62.64;0.563523458
nov-14;49204.1227;47102.51475;44607.32034;42765.90875;38072;36290.56;4896.389941;4836.418353;1411.536399;1411.536399;227.394001;227.394001;4596.80236;4336.606;639.05;539.57;6350.04;40652.99475;16866.25;13063.24042;6804.338;43180.56518;18966.77053;13246.61899;36316.38875;38901.32085;72.43;0.723131499
déc-14;56950.64827;54659.31114;51426.09257;49447.46614;43541.8;41633.53;5744.262691;5673.906253;1958.53;1958.53;181.499883;181.499883;5524.5557;5211.845;664.74;848.4;5619.97;49223.00114;23201.63;14425.56072;6953.985;49588.26709;23508.84764;14449.16373;44011.15614;44358.97051;82.54;0.967329572
janv-15;60609.36776;58238.44874;54374.21562;52356.22974;45734.48;43792.87;6235.721363;6159.345479;2176.051794;2176.051794;227.962468;227.962468;6235.15214;5882.219;658.47;720.35;5903.32;52397.00874;24871.01;15254.53941;7150.292;52676.82414;25105.63577;15272.3805;46514.78974;46777.08406;86.35;0.976636145
févr-15;54152.31048;52046.07074;47708.88742;45967.36974;39146.02;37483.16;6422.019345;6343.36166;1808.205413;1808.205413;332.642666;332.642666;6443.42306;6078.701;454.73;1446.61;4507.52;48530.43074;23155.02;14043.45037;6631.888;47774.87551;22521.81979;13994.26932;42451.72974;41747.49213;91.61;1.070287416
mars-15;52763.11419;50666.77614;47587.62709;45784.24114;38638.84;36915.36;6523.934026;6444.028078;1908.635208;1908.635208;516.217851;516.217851;5175.4871;4882.535;606.23;803.23;5154.42;45709.35614;20065.88;14313.07088;7117.121;45867.06936;20197.3964;14324.73041;40826.82114;40986.95435;75.71;0.98372112
avr-15;42993.73165;41184.72374;40678.09593;39000.16174;32794.12;31187.33;5808.578733;5737.434545;1377.802326;1377.802326;697.594872;697.594872;2315.63572;2184.562;544.99;1018.79;5138.01;36520.51374;14186.94;12683.80679;6739.582;37962.6235;15389.0621;12808.87805;34335.95174;36024.38645;68.75;0.804711605
mai-15;42126.25588;40319.27411;40802.4929;39070.44111;31981.92;30329.66;6514.613864;6434.82207;1518.775233;1518.775233;787.183804;787.183804;1323.76298;1248.833;733.33;572.36;6547.53;33610.77411;12338.67;11952.39043;6676.935;33974.75177;12638.48113;11987.93779;32361.94111;32829.20747;57.06;0.940694786
juin-15;41361.3227;39622.91549;40056.81144;38392.24449;32313.86;30719.02;5692.867793;5623.140846;1199.554512;1199.554512;850.529136;850.529136;1304.51126;1230.671;636.77;485.36;6546.37;32925.13549;10771.47;12985.25426;6642.085;32925.13549;10771.47;12985.25426;31694.46449;31694.46449;57.58;1
juil-15;43298.68805;41408.95028;41301.49965;39524.81028;34998.82;33272.25;4092.00406;4041.88469;1338.44135;1338.44135;872.234237;872.234237;1997.1884;1884.14;517.76;710.2;7020.04;34581.35028;11172.31;13838.98935;6799.271;34581.35028;11172.31;13838.98935;32697.21028;32697.21028;58.54;1
août-15;40546.48392;38667.92339;39072.9652;37277.81139;33747.49;31994.69;3457.983621;3415.629811;1076.322517;1076.322517;791.169061;791.169061;1473.51872;1390.112;476.93;319.62;7191.51;31319.10339;10805.07;11875.56763;6138.79;31319.10339;10805.07;11875.56763;29928.99139;29928.99139;55.05;1
sept-15;40513.17151;38738.30239;37904.33767;36277.13839;32228.48;30643.44;3442.10143;3399.942148;1585.318111;1585.318111;648.438128;648.438128;2608.83384;2461.164;419.45;617.39;5788.48;33147.76239;11364.69;12565.89116;6691.47;33147.76239;11364.69;12565.89116;30686.59839;30686.59839;56.68;1
oct-15;46111.12231;44132.05757;41764.62941;40031.59257;36175.22;34489.86;3892.583325;3844.906485;1217.913865;1217.913865;478.912219;478.912219;4346.4929;4100.465;435.61;972.22;5875.84;38792.82757;15297.15;13332.13234;7045.385;37134.23278;13933.05766;13170.94744;34692.36257;32767.53279;68.27;1.244758254
nov-15;49546.28748;47411.1267;43758.78712;41951.2207;37445.14;35681.14;3556.987885;3513.421459;2433.174412;2433.174412;323.484827;323.484827;5787.50036;5459.906;558.07;837.85;6797.51;40893.3967;16963.76;13382.24035;6761.294;43572.46516;19197.29379;13579.7343;35433.4907;38092.65393;80.19;0.70913429
déc-15;54025.13261;51740.20592;48649.89169;46669.22392;42223.84;40288.34;3687.729579;3642.561813;2526.6;2526.6;211.722107;211.722107;5375.24092;5070.982;771.52;704.14;7062.07;44610.75592;19989.72;13766.86955;6610.707;48527.88888;23286.24535;14014.87207;39539.77392;43209.99678;78.27;0.646086638
janv-16;58318.48096;55984.83202;52202.05469;50214.61856;43507.149;41589.906;5730.929594;5660.736462;2715.705625;2715.705625;248.270471;248.270471;6116.426267;5770.213459;777.55526;1483.251;6587.608;50102.91976;23289.9797;14683.66883;7241.06142;51748.94346;24671.88072;14787.19988;44332.7063;45874.3935;88.571;0.859972063
févr-16;54003.26332;51932.79485;49180.01702;47382.56249;39036.029;37324.501;7015.485443;6929.558913;2748.117923;2748.117923;380.38465;380.38465;4823.246304;4550.232362;583.82767;1171.352;6122.337;46397.98218;21071.34602;14088.16287;6828.312497;47492.59342;21988.10602;14161.97054;41847.74982;42921.47648;82.385;0.895766375
mars-16;54197.10817;52080.83323;48531.43975;46735.86302;38892.187;37178.47;6683.45052;6601.590794;2333.665072;2333.665072;622.137153;622.137153;5665.668422;5344.97021;549.2066;1423.286;5668.097;47286.81563;20993.37828;14860.22109;6969.608615;46156.63771;20056.1786;14773.92526;41941.84542;40797.98276;79.145;1.116821816
avr-16;44670.73871;42928.57724;41439.01833;39879.78444;32538.463;31059.296;6537.074829;6457.007931;1603.348368;1603.348368;760.132138;760.132138;3231.720372;3048.792804;403.4469;1576.299;5296.685;38804.74434;15896.48575;12952.16711;6729.009122;38172.35935;15371.7264;12897.13189;35755.95154;35038.27054;69.648;1.085344894
mai-16;42141.18289;40363.74409;39965.49249;38311.20598;31019.943;29446.114;6568.966322;6488.508813;1480.382418;1480.382418;896.200748;896.200748;2175.690401;2052.538115;607.93652;814.959;6079.895;34490.87157;12880.68224;12366.09186;6525.325482;34371.87201;12782.87847;12354.2763;32438.33346;32290.09955;61.101;1.019127884
juin-16;41550.70089;39821.98162;39326.52183;37723.69948;30160.789;28646.521;7230.033783;7141.479438;1024.839874;1024.839874;910.85917;910.85917;2224.179064;2098.282136;547.05867;369.751;7015.426;32629.24795;11083.04682;12651.07236;6374.611948;32629.24795;11083.04682;12651.07236;30530.96581;30530.96581;56.361;1
juil-16;39931.56919;38208.26847;37185.90565;35618.01986;29849.625;28347.337;5355.742707;5290.14491;974.1532854;974.1532854;1006.384661;1006.384661;2745.663531;2590.248615;463.174;1041.027;5331.567;33454.55447;10969.31077;13036.60054;6732.887369;33454.55447;10969.31077;13036.60054;30864.30586;30864.30586;57.187;1
août-16;37477.20824;35747.72474;34654.47409;33084.768;28639.911;27118.187;3917.505777;3869.523684;1134.242219;1134.242219;962.815093;962.815093;2822.734149;2662.956744;533.77882;1483.021;4887.611;31809.35592;10809.31154;12235.39906;6187.720514;31809.35592;10809.31154;12235.39906;29146.39918;29146.39918;55.793;1
sept-16;37991.21069;36214.98355;33052.13645;31555.47955;27937.168;26482.188;3402.717111;3361.040212;952.8916787;952.8916787;759.359657;759.359657;4939.074241;4659.504001;483.40491;1594.268;4328.703;32997.14364;10951.45604;12693.22222;6706.593848;32997.14364;10951.45604;12693.22222;28337.63964;28337.63964;55.972;1
oct-16;41415.44488;39512.81137;35528.36543;33958.96283;30555.922;29024.255;3080.92945;3043.193846;1340.611165;1340.611165;550.902815;550.902815;5887.079455;5553.848542;602.33776;2446.419;3216.159;38140.73361;15083.74567;12992.16116;6936.08769;36386.96408;13643.09559;12822.90594;32586.88507;30645.28196;65.005;1.263988857
nov-16;47539.39305;45475.37894;39437.1066;37831.71247;32705.546;31151.937;4228.004647;4176.219525;2188.106827;2188.106827;315.449123;315.449123;8102.286453;7643.666465;569.33163;2665.169;3309.401;44261.81531;19292.38563;13722.8281;6964.991869;44382.5781;19392.59677;13731.69791;36618.14884;36732.03641;82.069;0.987081263
déc-16;53484.48857;51210.95691;44603.20725;42832.38962;38366.759;36652.24;4596.51029;4540.211665;1388.413;1388.413;251.524956;251.524956;8881.281324;8378.567286;529.47695;3098.468;3182.986;50596.96196;24162.35008;14385.60688;7082.044606;50118.54885;23761.19605;14355.31225;42218.39467;41795.026;81.773;1.042206843
janv-17;59619.54818;57170.14157;49832.75912;47937.3217;42322.277;40491.58;5285.742523;5221.002097;1907.30627;1907.30627;317.433331;317.433331;9786.78906;9232.819868;563.94947;3650.518;2957.141;57299.5691;27883.43359;16253.64997;7392.267111;54874.3101;25859.84956;16096.20501;48066.74923;45911.16587;94.19;1.195629911
févr-17;50117.65395;48016.05737;42733.7175;41050.07958;35316.941;33689.433;4582.736352;4526.606433;2421.726039;2421.726039;412.314107;412.314107;7383.936456;6965.977789;615.61225;1475.1;5016.389;43859.15612;19641.04309;13570.98439;6442.330555;46146.54998;21556.70019;13723.42761;36893.17833;38971.10119;81.746;0.777835071
mars-17;51861.6672;49794.02705;45395.93103;43694.27595;35897.025;34272.622;6307.258843;6230.006759;2514.40785;2514.40785;677.239337;677.239337;6465.736166;6099.7511;689.4424;837.128;7211.762;42729.95065;17741.93284;14254.41773;6851.685274;45235.26589;19829.55915;14444.50471;36630.19955;39100.03547;74.673;0.736803742
avr-17;44121.44221;42243.80757;39886.78872;38248.85144;33338.196;31752.189;4239.855646;4187.925372;1379.021011;1379.021011;929.716059;929.716059;4234.653497;3994.956129;539.83416;699.337;6088.295;36315.01541;14377.29025;12350.70672;6591.103422;36135.0563;14228.32021;12334.56391;32320.05928;32118.29281;65.44;1.026174916
mai-17;42897.89671;41220.94418;39737.18407;38239.1398;31564.353;30136.831;5757.801932;5687.279664;1400.832624;1400.832624;1014.196511;1014.196511;3160.712643;2981.804381;661.4627;668.214;6539.264;34688.43148;12615.58851;12543.83962;6746.1033;35809.00471;13538.46052;12651.64219;31706.6271;33058.72955;60.963;0.829583281
juin-17;38817.03509;37088.91368;35990.79698;34422.65131;28389.335;26884.358;5157.416057;5094.247389;1396.474694;1396.474694;1047.571231;1047.571231;2826.238108;2666.262366;556.45648;1244.161;4698.578;33078.0402;10713.44364;13056.92438;6674.308265;33078.0402;10713.44364;13056.92438;30411.77783;30411.77783;59.504;1
juil-17;40487.02631;38655.34664;36321.74505;34725.83602;29707.543;28159.879;3938.973304;3890.728273;1617.954705;1617.954705;1057.274039;1057.274039;4165.28126;3929.510623;481.68816;1365.661;5945.732;33593.58748;10909.58452;13119.61516;6787.169985;33593.58748;10909.58452;13119.61516;29664.07686;29664.07686;57.466;1
août-17;38638.65821;36886.74309;35839.21177;34245.75589;30135.741;28585.542;3531.715469;3488.458583;1172.225926;1172.225926;999.52938;999.52938;2799.446438;2640.987205;499.96211;1005.174;5587.375;31804.57998;10834.24749;12115.51626;6245.797696;31804.57998;10834.24749;12115.51626;29163.59278;29163.59278;56.23;1
sept-17;40205.5855;38380.37537;36361.8397;34754.20008;30915.78237;29346.125;3101.066829;3063.08458;1555.384017;1555.384017;789.606485;789.606485;3843.745802;3626.175285;481.04938;826.655;5385.231;33340.74999;11425.5596;12498.9888;6711.635556;33340.74999;11425.5596;12498.9888;29714.5747;29714.5747;57.302;1
oct-17;41233.38248;39308.31116;34930.66424;33362.35055;29588.98968;28054.202;2737.235659;2703.70966;1962.12531;1962.12531;642.313584;642.313584;6302.718247;5945.96061;684.87371;1978.73;4400.789;36201.37845;13328.0306;12914.79166;6989.782293;38290.54913;15057.73046;13102.93543;30255.41784;32495.0666;64.47;0.712821952
nov-17;47044.44713;44901.49653;38563.70428;36900.79572;31959.56243;30344.848;3934.817353;3886.623225;2306.8375;2306.8375;362.487;362.487;8480.742852;8000.700804;591.68673;3650.993;3102.841;44857.9618;19594.78411;13927.36148;6975.581528;44376.56082;19196.22757;13891.30966;36857.26099;36403.76691;83.768;1.051905581
